delegation/delegator_address,delegation/validator_address,delegation/shares,balance/denom,balance/amount
juno1qqrnzytacq9gah4a8697lfr45wkmrzmpc2nw0l,junovaloper1eqwz3j9cv7q3jjy2alzy02hy5amlqmacm0z65q,20000000.000000000000000000,ujuno,20000000
juno1qpkjncgldyumu3ftjh52lyufycmpxrq53wjpzh,junovaloper1eqwz3j9cv7q3jjy2alzy02hy5amlqmacm0z65q,3343500.000000000000000000,ujuno,3343500
juno1qztzc3pze6d3w5cpat4ysqhv46gxqf0hldgt6m,junovaloper1eqwz3j9cv7q3jjy2alzy02hy5amlqmacm0z65q,117436377.000000000000000000,ujuno,117436377
juno1qr2c8dcdq9r5pkvd3cq4j2r9tl26uk7g5tnqmr,junovaloper1eqwz3j9cv7q3jjy2alzy02hy5amlqmacm0z65q,10156063.000000000000000000,ujuno,10156063
juno1qyqpyd5kaz4f3np33f696zkn2vfd87ap5zwgx9,junovaloper1eqwz3j9cv7q3jjy2alzy02hy5amlqmacm0z65q,59600000.000000000000000000,ujuno,59600000
juno1q9prh007n9rupem37gmfp25u6feljga4a8usnd,junovaloper1eqwz3j9cv7q3jjy2alzy02hy5amlqmacm0z65q,4630000.000000000000000000,ujuno,4630000
juno1qxh8dfj72vymqnqamatdn5e8zmun5ggxrzwzvq,junovaloper1eqwz3j9cv7q3jjy2alzy02hy5amlqmacm0z65q,26000000.000000000000000000,ujuno,26000000
juno1qfl9rzthfx99x7k6vv3vk5kr64epey8ztsq5rl,junovaloper1eqwz3j9cv7q3jjy2alzy02hy5amlqmacm0z65q,2500000.000000000000000000,ujuno,2500000
juno1q2ke5n8rgr8ncjyeeqed3xyhyneluxgej3gt4m,junovaloper1eqwz3j9cv7q3jjy2alzy02hy5amlqmacm0z65q,2772509087.000000000000000000,ujuno,2772509087
juno1q272nkds9yrttej30hag4flwrtzdspk43e7m7z,junovaloper1eqwz3j9cv7q3jjy2alzy02hy5amlqmacm0z65q,10367319.000000000000000000,ujuno,10367319
juno1qt8qa27jzlfk8tsehp3fvltdnnn0u04g2ket3f,junovaloper1eqwz3j9cv7q3jjy2alzy02hy5amlqmacm0z65q,511000000.000000000000000000,ujuno,511000000
juno1qdpswcvtrtdh5hpzka363u0x09tmmy2j4uhzf2,junovaloper1eqwz3j9cv7q3jjy2alzy02hy5amlqmacm0z65q,16917758.000000000000000000,ujuno,16917758
juno1qdlefv8sqnqa8t4kxpzuk6y67jznvrcuzutj4u,junovaloper1eqwz3j9cv7q3jjy2alzy02hy5amlqmacm0z65q,26018000.000000000000000000,ujuno,26018000
juno1qwa6d9wtccgzcr5vqkrgn9vu2yms8mr4pekemj,junovaloper1eqwz3j9cv7q3jjy2alzy02hy5amlqmacm0z65q,232.000000000000000000,ujuno,232
juno1qs9szgaw4ur4hsjpxkyssfljv55etjreu4m6k4,junovaloper1eqwz3j9cv7q3jjy2alzy02hy5amlqmacm0z65q,15620000.000000000000000000,ujuno,15620000
juno1qjv24g477avcktdsuu5avdajr0j53dfqua7xeu,junovaloper1eqwz3j9cv7q3jjy2alzy02hy5amlqmacm0z65q,10000000.000000000000000000,ujuno,10000000
juno1qj7nm3gxxypwqp5lvrjg27jc7tlhlys7jr3w9u,junovaloper1eqwz3j9cv7q3jjy2alzy02hy5amlqmacm0z65q,58028491.000000000000000000,ujuno,58028491
juno1qnt0ngr2d4p2r3srngdntyh2yale5y5pe0twhd,junovaloper1eqwz3j9cv7q3jjy2alzy02hy5amlqmacm0z65q,100.000000000000000000,ujuno,100
juno1qh40v99fdpj4zd9rw602pa4p2xd2wv5pu4emkf,junovaloper1eqwz3j9cv7q3jjy2alzy02hy5amlqmacm0z65q,6381.000000000000000000,ujuno,6381
juno1qlgfw8znv00fvha2tpnq72xerycjmasksqcvr5,junovaloper1eqwz3j9cv7q3jjy2alzy02hy5amlqmacm0z65q,1859571.000000000000000000,ujuno,1859571
juno1ql5d08k8tmhs6mc6pgu6k69tf5e0e6hx9uzevm,junovaloper1eqwz3j9cv7q3jjy2alzy02hy5amlqmacm0z65q,8100000.000000000000000000,ujuno,8100000
juno1pqfvjym5nq8n54h3z2p7fmsttt89yrkn29csfq,junovaloper1eqwz3j9cv7q3jjy2alzy02hy5amlqmacm0z65q,6080000.000000000000000000,ujuno,6080000
juno1pquw8s67qykzx9swmhkgzrtaxke00ak238gajc,junovaloper1eqwz3j9cv7q3jjy2alzy02hy5amlqmacm0z65q,32000000.000000000000000000,ujuno,32000000
juno1ppxf2pac3y95fa9w08qg4yayg4a9vsmqr3e5xx,junovaloper1eqwz3j9cv7q3jjy2alzy02hy5amlqmacm0z65q,10781753.000000000000000000,ujuno,10781753
juno1pp0slr7gflh5ele32u5cr652exmz4shwwln377,junovaloper1eqwz3j9cv7q3jjy2alzy02hy5amlqmacm0z65q,10000.000000000000000000,ujuno,10000
juno1pywdszy68a2tacwpz9ycyqntr84hcxu0k393d0,junovaloper1eqwz3j9cv7q3jjy2alzy02hy5amlqmacm0z65q,11059875.000000000000000000,ujuno,11059875
juno1py30rgrq826n9fhrftz7zapzrd2twwlqg0n9te,junovaloper1eqwz3j9cv7q3jjy2alzy02hy5amlqmacm0z65q,1100000.000000000000000000,ujuno,1100000
juno1pycsh3hazhw4gusx0ruygu7uzy03pl993de6p8,junovaloper1eqwz3j9cv7q3jjy2alzy02hy5amlqmacm0z65q,49100000.000000000000000000,ujuno,49100000
juno1p9v54eaxw3mkkvc3j09vu3k5mu7sjdyp02j643,junovaloper1eqwz3j9cv7q3jjy2alzy02hy5amlqmacm0z65q,3500000.000000000000000000,ujuno,3500000
juno1p9he4f4n96rgtf23hdvysjvhzqs5uk8g60h9ac,junovaloper1eqwz3j9cv7q3jjy2alzy02hy5amlqmacm0z65q,10000000.000000000000000000,ujuno,10000000
juno1p9uc66fnsd3c9h49pm4dj9h3pkq9ls8tfw8na9,junovaloper1eqwz3j9cv7q3jjy2alzy02hy5amlqmacm0z65q,10050000.000000000000000000,ujuno,10050000
juno1pxc3vltva9826ftryr7j9tpm8fwkh9k83d3g2f,junovaloper1eqwz3j9cv7q3jjy2alzy02hy5amlqmacm0z65q,5001000.000000000000000000,ujuno,5001000
juno1pgycp6kj0ketsnpvx4qmce2t5mtjteejyz9wh8,junovaloper1eqwz3j9cv7q3jjy2alzy02hy5amlqmacm0z65q,9200000.000000000000000000,ujuno,9200000
juno1pgnpjs3zg6sgm9pdhtrduqyyx4lq3l4fqlxu66,junovaloper1eqwz3j9cv7q3jjy2alzy02hy5amlqmacm0z65q,1000000.000000000000000000,ujuno,1000000
juno1pfnsu7wqayllxzxudzpdkeq7kl9ajvkywf3vuc,junovaloper1eqwz3j9cv7q3jjy2alzy02hy5amlqmacm0z65q,90280000.000000000000000000,ujuno,90280000
juno1p2l9grqmt2znq867hlfw2qluj359kd2fpyxs7z,junovaloper1eqwz3j9cv7q3jjy2alzy02hy5amlqmacm0z65q,31000000.000000000000000000,ujuno,31000000
juno1pwjc9nses6qzt73kvvm2uelzvfmz7gleuwv5l5,junovaloper1eqwz3j9cv7q3jjy2alzy02hy5amlqmacm0z65q,54000000.000000000000000000,ujuno,54000000
juno1p0xc8vz6m72velt8xera2quz3xs9ee6c07v5w0,junovaloper1eqwz3j9cv7q3jjy2alzy02hy5amlqmacm0z65q,37500000.000000000000000000,ujuno,37500000
juno1psdhnw746sej28ruup7uyk8ym227zl6e2z9fxj,junovaloper1eqwz3j9cv7q3jjy2alzy02hy5amlqmacm0z65q,1850000.000000000000000000,ujuno,1850000
juno1pje97hl984qqgxf3xu9nlz9kea4wnzux7kd0m0,junovaloper1eqwz3j9cv7q3jjy2alzy02hy5amlqmacm0z65q,50008206.000000000000000000,ujuno,50008206
juno1pnne7f0qgrw2yxg5tsne5xkgqp8gekkwyjg7pl,junovaloper1eqwz3j9cv7q3jjy2alzy02hy5amlqmacm0z65q,3000000.000000000000000000,ujuno,3000000
juno1pkp8xhsw4yl3mcecurv386jw4j2y776w76lluw,junovaloper1eqwz3j9cv7q3jjy2alzy02hy5amlqmacm0z65q,1583.000000000000000000,ujuno,1583
juno1phqp4slrnnfprzsfu33njy2dsucy7njgjrdyz4,junovaloper1eqwz3j9cv7q3jjy2alzy02hy5amlqmacm0z65q,9800.000000000000000000,ujuno,9800
juno1pua2ne85l4hqjs5haqtu4sez2jgr67ej0e0w82,junovaloper1eqwz3j9cv7q3jjy2alzy02hy5amlqmacm0z65q,45000000.000000000000000000,ujuno,45000000
juno1paha6w22axq5w35sfrksewg8h6p8f8w0zxuuda,junovaloper1eqwz3j9cv7q3jjy2alzy02hy5amlqmacm0z65q,2000000.000000000000000000,ujuno,2000000
juno1pa7enuuvmpqcphkcsvu3vq02sdd652zuc87hkf,junovaloper1eqwz3j9cv7q3jjy2alzy02hy5amlqmacm0z65q,411589666.000000000000000000,ujuno,411589666
juno1pal3z2yyzlqmy3ey2d9m4qvu96mkhqdd7pjx6j,junovaloper1eqwz3j9cv7q3jjy2alzy02hy5amlqmacm0z65q,20170000.000000000000000000,ujuno,20170000
juno1p7pqh96wndak9l7gk9vyq9rayk26pye3x90t25,junovaloper1eqwz3j9cv7q3jjy2alzy02hy5amlqmacm0z65q,30269426.000000000000000000,ujuno,30269426
juno1p7gyng5y74pvrfdnlg2h7yr7vmfs9r6g9utmv7,junovaloper1eqwz3j9cv7q3jjy2alzy02hy5amlqmacm0z65q,40400000.000000000000000000,ujuno,40400000
juno1p77sfv0aefkxst0uuc5vvavuvp08jw3gvq3dg2,junovaloper1eqwz3j9cv7q3jjy2alzy02hy5amlqmacm0z65q,5000000.000000000000000000,ujuno,5000000
juno1zq9d669dws3pf35zp86wjhs6yz43s2egftdkq5,junovaloper1eqwz3j9cv7q3jjy2alzy02hy5amlqmacm0z65q,50000000.000000000000000000,ujuno,50000000
juno1z9ypcew4cvfz6nm6tcu8hwvr4uhnfeu257zzf2,junovaloper1eqwz3j9cv7q3jjy2alzy02hy5amlqmacm0z65q,10210000.000000000000000000,ujuno,10210000
juno1z9nr6eze5zqdphpymvek8t0nevykussftfufv9,junovaloper1eqwz3j9cv7q3jjy2alzy02hy5amlqmacm0z65q,11050000.000000000000000000,ujuno,11050000
juno1zx90dztp8f9kcnmg4hggvwz7r0rx0cjk3549m5,junovaloper1eqwz3j9cv7q3jjy2alzy02hy5amlqmacm0z65q,25000000.000000000000000000,ujuno,25000000
juno1zgrh3h36ga7dxjz998rfqmxwx9la65uupqyvc6,junovaloper1eqwz3j9cv7q3jjy2alzy02hy5amlqmacm0z65q,12390000.000000000000000000,ujuno,12390000
juno1zf7yyyv4w0fykk2eg6c7q025e795fhjd4daa86,junovaloper1eqwz3j9cv7q3jjy2alzy02hy5amlqmacm0z65q,5000000.000000000000000000,ujuno,5000000
juno1z2mgrt6w4tvfp665evc0wj6uay3tp6ndt4az8p,junovaloper1eqwz3j9cv7q3jjy2alzy02hy5amlqmacm0z65q,1000000.000000000000000000,ujuno,1000000
juno1zve02feteu5kp8dcrxq3duhzs0vtt788xxh4hj,junovaloper1eqwz3j9cv7q3jjy2alzy02hy5amlqmacm0z65q,6000000.000000000000000000,ujuno,6000000
juno1zdk4awgnx3pe7ymt0xcrhaj28m4y4c25w37de7,junovaloper1eqwz3j9cv7q3jjy2alzy02hy5amlqmacm0z65q,12134534.000000000000000000,ujuno,12134534
juno1zs04tjvc9alk9yqq3h27zczs75vp0n665v37ys,junovaloper1eqwz3j9cv7q3jjy2alzy02hy5amlqmacm0z65q,1000000.000000000000000000,ujuno,1000000
juno1zn0j3p9lyaghh9mfnyhskwwwl8a5nwm80uwwxv,junovaloper1eqwz3j9cv7q3jjy2alzy02hy5amlqmacm0z65q,25000000.000000000000000000,ujuno,25000000
juno1znh3eprtt6mz3vdh33ljznd64kwxua2t8cxz5k,junovaloper1eqwz3j9cv7q3jjy2alzy02hy5amlqmacm0z65q,1105335.000000000000000000,ujuno,1105335
juno1z5gugzl8fe6dtyt9mx3jhhwvxrka9zx6a768sh,junovaloper1eqwz3j9cv7q3jjy2alzy02hy5amlqmacm0z65q,32000000.000000000000000000,ujuno,32000000
juno1z40d4yf7qwesfz735asc9frvf5fjvfgqq6uu2q,junovaloper1eqwz3j9cv7q3jjy2alzy02hy5amlqmacm0z65q,5805878.000000000000000000,ujuno,5805878
juno1zk4n0a4ljeww9zrdcmjnzdlr7vw0e0j0kvf5ep,junovaloper1eqwz3j9cv7q3jjy2alzy02hy5amlqmacm0z65q,3000000.000000000000000000,ujuno,3000000
juno1zkhaxm7k2aw537dx493els7y984dg7pcydxhnf,junovaloper1eqwz3j9cv7q3jjy2alzy02hy5amlqmacm0z65q,21101930.000000000000000000,ujuno,21101930
juno1zemqgkmldkea8mws0lz55syrxtzznsjcdajnll,junovaloper1eqwz3j9cv7q3jjy2alzy02hy5amlqmacm0z65q,9500000.000000000000000000,ujuno,9500000
juno1z74ey263de7x2vq76h7kjd5qn5nk80tyw0f595,junovaloper1eqwz3j9cv7q3jjy2alzy02hy5amlqmacm0z65q,250000.000000000000000000,ujuno,250000
juno1rq3eqd9pmxsc44nukrw9a2jv6zfzhv5rcz7y9c,junovaloper1eqwz3j9cv7q3jjy2alzy02hy5amlqmacm0z65q,26000000.000000000000000000,ujuno,26000000
juno1rq3759xt8lje455dapsyjad4vgadzc36lgsagz,junovaloper1eqwz3j9cv7q3jjy2alzy02hy5amlqmacm0z65q,54754.000000000000000000,ujuno,54754
juno1rrrs0vtjruargauevhqxnsesak2772llx7j0px,junovaloper1eqwz3j9cv7q3jjy2alzy02hy5amlqmacm0z65q,11700000.000000000000000000,ujuno,11700000
juno1ry5crsdpsjy0f45ztpcglc6f99r7ma2ng672ey,junovaloper1eqwz3j9cv7q3jjy2alzy02hy5amlqmacm0z65q,17346118.000000000000000000,ujuno,17346118
juno1r9mekllcz0fqdt0w2lstckw9exxtvzpqp6g9ye,junovaloper1eqwz3j9cv7q3jjy2alzy02hy5amlqmacm0z65q,100000000.000000000000000000,ujuno,100000000
juno1r9l943y0ztpsnsryth3n6dfq4fu2lm66wtndy9,junovaloper1eqwz3j9cv7q3jjy2alzy02hy5amlqmacm0z65q,2000.000000000000000000,ujuno,2000
juno1rxuj7tfs0j5p538js4mg2yfuw2v2yjjvxrq9ax,junovaloper1eqwz3j9cv7q3jjy2alzy02hy5amlqmacm0z65q,36720000.000000000000000000,ujuno,36720000
juno1r8pe9zf38ugvcm609uxlx725mf322wtur85ade,junovaloper1eqwz3j9cv7q3jjy2alzy02hy5amlqmacm0z65q,1015277.000000000000000000,ujuno,1015277
juno1rsg0k0a57gejwkzsa5xrgsxwnwpfclup45qpx9,junovaloper1eqwz3j9cv7q3jjy2alzy02hy5amlqmacm0z65q,16000000.000000000000000000,ujuno,16000000
juno1rs60hpfysn4ff5c2a4gf5wnnzpd27g0se6zkuh,junovaloper1eqwz3j9cv7q3jjy2alzy02hy5amlqmacm0z65q,1000000.000000000000000000,ujuno,1000000
juno1rn5z60dsep59lc4fvhl7nprfujd6ghdfcl453a,junovaloper1eqwz3j9cv7q3jjy2alzy02hy5amlqmacm0z65q,1100.000000000000000000,ujuno,1100
juno1r5dqqg4sk66jxm2edl90pdulau0j4tkq0rhu7z,junovaloper1eqwz3j9cv7q3jjy2alzy02hy5amlqmacm0z65q,5200000.000000000000000000,ujuno,5200000
juno1r4gm08v6cdkf5zyctqs270n4gzh5p70veetnaa,junovaloper1eqwz3j9cv7q3jjy2alzy02hy5amlqmacm0z65q,14044030.000000000000000000,ujuno,14044030
juno1r4c2g5wex39kcdeahgxjaxnr2wnv7jvxxazj7h,junovaloper1eqwz3j9cv7q3jjy2alzy02hy5amlqmacm0z65q,50000000.000000000000000000,ujuno,50000000
juno1rkpdlluj6a7ksz5jk7zxu8zlurd9hkm4p5f6vv,junovaloper1eqwz3j9cv7q3jjy2alzy02hy5amlqmacm0z65q,31000000.000000000000000000,ujuno,31000000
juno1rk6qdahk8s7e5pn7354ddfzu90qfcd8j808dtc,junovaloper1eqwz3j9cv7q3jjy2alzy02hy5amlqmacm0z65q,5330000.000000000000000000,ujuno,5330000
juno1resq2v6yf4rdkx59ms3haxq9pcewhhlytd9t9z,junovaloper1eqwz3j9cv7q3jjy2alzy02hy5amlqmacm0z65q,31000000.000000000000000000,ujuno,31000000
juno1runnns00ux2mw8ge3mjqg6z82nxjv76s0qk2t4,junovaloper1eqwz3j9cv7q3jjy2alzy02hy5amlqmacm0z65q,11010000.000000000000000000,ujuno,11010000
juno1y8z7u0xt8rfj554t5d59t5ka3a40a6nnc2y6hw,junovaloper1eqwz3j9cv7q3jjy2alzy02hy5amlqmacm0z65q,32000000.000000000000000000,ujuno,32000000
juno1yfqswayzce28rzqrw9z6gctv4nzwwktslfjf4r,junovaloper1eqwz3j9cv7q3jjy2alzy02hy5amlqmacm0z65q,22650000.000000000000000000,ujuno,22650000
juno1y2vsx3mrlthcmqa94x5a0srljkkgd8km4xh84k,junovaloper1eqwz3j9cv7q3jjy2alzy02hy5amlqmacm0z65q,735000000.000000000000000000,ujuno,735000000
juno1y2dmqrqkzpg6u8jswfzy7fmwsf7nk9d5d7lj28,junovaloper1eqwz3j9cv7q3jjy2alzy02hy5amlqmacm0z65q,30000.000000000000000000,ujuno,30000
juno1y2jc6w3w5h08zdeddlkcrf5um0mlvemgyp6jeg,junovaloper1eqwz3j9cv7q3jjy2alzy02hy5amlqmacm0z65q,516.000000000000000000,ujuno,516
juno1yt9ml47yw8zfygu394mgagd625vfjghjfqmjck,junovaloper1eqwz3j9cv7q3jjy2alzy02hy5amlqmacm0z65q,25100000.000000000000000000,ujuno,25100000
juno1ywv2tl5hvzlvd0snv3ykhkv4p899pdtvexydrl,junovaloper1eqwz3j9cv7q3jjy2alzy02hy5amlqmacm0z65q,10730000.000000000000000000,ujuno,10730000
juno1ywn3rt8jvjzv4nvwn8899d0g4q4jhe3tceyl5l,junovaloper1eqwz3j9cv7q3jjy2alzy02hy5amlqmacm0z65q,5000000.000000000000000000,ujuno,5000000
juno1y063dzj6knch9zwp8nsknwsjs5y4w9f8mdvgw3,junovaloper1eqwz3j9cv7q3jjy2alzy02hy5amlqmacm0z65q,54612973.000000000000000000,ujuno,54612973
juno1y07t53q3p7xsl3vazvjjvya00fwhnexm32k356,junovaloper1eqwz3j9cv7q3jjy2alzy02hy5amlqmacm0z65q,25000000.000000000000000000,ujuno,25000000
juno1yhg56dqytz82r6p63xt30gsnavv608gzelu59z,junovaloper1eqwz3j9cv7q3jjy2alzy02hy5amlqmacm0z65q,9764.000000000000000000,ujuno,9764
juno1yedpj6dsuttzunfk9ft7uysjwzkxd7hjcxpma9,junovaloper1eqwz3j9cv7q3jjy2alzy02hy5amlqmacm0z65q,50000000.000000000000000000,ujuno,50000000
juno1yujaep7vnr6j3au3zsr7gnvk7gj0z6f5gdpwl4,junovaloper1eqwz3j9cv7q3jjy2alzy02hy5amlqmacm0z65q,25000000.000000000000000000,ujuno,25000000
juno1yuhwapyye4dcsz6xad3xcpc9xdhwggwr8t5ejm,junovaloper1eqwz3j9cv7q3jjy2alzy02hy5amlqmacm0z65q,5052578.000000000000000000,ujuno,5052578
juno1yld2e4vudgdza2dc793ww0g49sq0x0x98y5cqx,junovaloper1eqwz3j9cv7q3jjy2alzy02hy5amlqmacm0z65q,10000000.000000000000000000,ujuno,10000000
juno19qvxkd2lq382y6kem8gs62daqzs5s2rqgmd7vx,junovaloper1eqwz3j9cv7q3jjy2alzy02hy5amlqmacm0z65q,4000000.000000000000000000,ujuno,4000000
juno19ps0avvwlucrh28appvck6ccl4wuxp2mhn97t2,junovaloper1eqwz3j9cv7q3jjy2alzy02hy5amlqmacm0z65q,2000000.000000000000000000,ujuno,2000000
juno19yf3w9qhw0cfgaq658twnx9zzt48zdqpeqjhdg,junovaloper1eqwz3j9cv7q3jjy2alzy02hy5amlqmacm0z65q,16800000.000000000000000000,ujuno,16800000
juno19gr8u2hazszkq95gd75hvq37zld02f0vyhcha8,junovaloper1eqwz3j9cv7q3jjy2alzy02hy5amlqmacm0z65q,49500000.000000000000000000,ujuno,49500000
juno19g5rdssf3xvdajsu5ytr4xr4rh58l5aa8jtrww,junovaloper1eqwz3j9cv7q3jjy2alzy02hy5amlqmacm0z65q,7931.000000000000000000,ujuno,7931
juno19ghdxhepjnhgwxvj4uzra3z37qrzxgvgmwzpah,junovaloper1eqwz3j9cv7q3jjy2alzy02hy5amlqmacm0z65q,2000000.000000000000000000,ujuno,2000000
juno19fwrfr6ngrpnfx4fp4yzfjyjt02zk3xucu4xsy,junovaloper1eqwz3j9cv7q3jjy2alzy02hy5amlqmacm0z65q,8032345.000000000000000000,ujuno,8032345
juno192guner3ahpkfegtptmw2dfxscdqvg3f5n80f7,junovaloper1eqwz3j9cv7q3jjy2alzy02hy5amlqmacm0z65q,44000000.000000000000000000,ujuno,44000000
juno190g5j8aszqhvtg7cprmev8xcxs6csra7xnk3n3,junovaloper1eqwz3j9cv7q3jjy2alzy02hy5amlqmacm0z65q,25000000000.000000000000000000,ujuno,25000000000
juno19s7vsz430p5uxhdv3clfrn3humau70gsr250ku,junovaloper1eqwz3j9cv7q3jjy2alzy02hy5amlqmacm0z65q,1100.000000000000000000,ujuno,1100
juno19h9w9y4hjj69m6wf2j6srskuwh9k92dd3cu0ey,junovaloper1eqwz3j9cv7q3jjy2alzy02hy5amlqmacm0z65q,50000.000000000000000000,ujuno,50000
juno19m0fd872k3clqldudx6lrvpll50q5l3gw39xd8,junovaloper1eqwz3j9cv7q3jjy2alzy02hy5amlqmacm0z65q,3584435.000000000000000000,ujuno,3584435
juno19m7jfg9q27u2pey46mwja7hsmsmyzp60eqvq7k,junovaloper1eqwz3j9cv7q3jjy2alzy02hy5amlqmacm0z65q,5000000.000000000000000000,ujuno,5000000
juno19atggawer8mzqm282dgjat052j7nq76rgaam87,junovaloper1eqwz3j9cv7q3jjy2alzy02hy5amlqmacm0z65q,20000000.000000000000000000,ujuno,20000000
juno197fw4c7hr49e02jyfn5wctv0805wt7wrctwd8z,junovaloper1eqwz3j9cv7q3jjy2alzy02hy5amlqmacm0z65q,240000.000000000000000000,ujuno,240000
juno197s4ucuwqhnvyl0kse5cn3cvqmzq0qym5p4l05,junovaloper1eqwz3j9cv7q3jjy2alzy02hy5amlqmacm0z65q,16000000.000000000000000000,ujuno,16000000
juno19l5du45yx7cqgvpg3vnfuuazl83k0l4wgen7da,junovaloper1eqwz3j9cv7q3jjy2alzy02hy5amlqmacm0z65q,10000000.000000000000000000,ujuno,10000000
juno1xpyqxhyg742e4p9323676mqqzwe730e9gz4a9y,junovaloper1eqwz3j9cv7q3jjy2alzy02hy5amlqmacm0z65q,12906288.000000000000000000,ujuno,12906288
juno1xpyglnn8m2w270d5ttjd7muk6nx0lpnjztgd5y,junovaloper1eqwz3j9cv7q3jjy2alzy02hy5amlqmacm0z65q,50000.000000000000000000,ujuno,50000
juno1xpxjumnc0cnmwkrfxpf6h4gt3f54uajqw0fgh2,junovaloper1eqwz3j9cv7q3jjy2alzy02hy5amlqmacm0z65q,10000000.000000000000000000,ujuno,10000000
juno1xzsu93xry7wze2xfggukprhvpcq8vsrdv34fps,junovaloper1eqwz3j9cv7q3jjy2alzy02hy5amlqmacm0z65q,25520000.000000000000000000,ujuno,25520000
juno1xrve72ecqqkmnsp76e5n60j764rqrwfaps7wzh,junovaloper1eqwz3j9cv7q3jjy2alzy02hy5amlqmacm0z65q,11000000.000000000000000000,ujuno,11000000
juno1xyxg4rz860svftkh83ts85lm483zu5cq5fmdch,junovaloper1eqwz3j9cv7q3jjy2alzy02hy5amlqmacm0z65q,1225246533.000000000000000000,ujuno,1225246533
juno1xx8uzm0kcref9qlfjy5nm9knctghn74gplq8xe,junovaloper1eqwz3j9cv7q3jjy2alzy02hy5amlqmacm0z65q,1100.000000000000000000,ujuno,1100
juno1x8rwal4g26mv3pkfs3fwcrvypfpmcvujxax7v2,junovaloper1eqwz3j9cv7q3jjy2alzy02hy5amlqmacm0z65q,335000000.000000000000000000,ujuno,335000000
juno1x8nr7ljj08hnxda5cwwdk5sg2c25w8w7h6lupf,junovaloper1eqwz3j9cv7q3jjy2alzy02hy5amlqmacm0z65q,15000000.000000000000000000,ujuno,15000000
juno1xgp5cuqjyrdtrysfsqzu0ektndha72putsnex8,junovaloper1eqwz3j9cv7q3jjy2alzy02hy5amlqmacm0z65q,55300000.000000000000000000,ujuno,55300000
juno1xf4n5alscmyuhuyv5elnpns38lf64u8yxsh7f4,junovaloper1eqwz3j9cv7q3jjy2alzy02hy5amlqmacm0z65q,50000000.000000000000000000,ujuno,50000000
juno1x2vfkuykym7a8nz6ajx5se8eq8uc93pswpnjnc,junovaloper1eqwz3j9cv7q3jjy2alzy02hy5amlqmacm0z65q,20100000.000000000000000000,ujuno,20100000
juno1xt352n044y3tmxyugun6fv9uahxa23se00dr3q,junovaloper1eqwz3j9cv7q3jjy2alzy02hy5amlqmacm0z65q,34650000.000000000000000000,ujuno,34650000
juno1xt77j9lkg63zxr4wk70paaf3gghwsu4r74qtdr,junovaloper1eqwz3j9cv7q3jjy2alzy02hy5amlqmacm0z65q,100000000.000000000000000000,ujuno,100000000
juno1x0xeytsk6zx5hfjwxz6y45qufh6kk4cegekdpm,junovaloper1eqwz3j9cv7q3jjy2alzy02hy5amlqmacm0z65q,75000000.000000000000000000,ujuno,75000000
juno1xj9cdg90sz4fn4spuf7yttlge20shdcl7yhrde,junovaloper1eqwz3j9cv7q3jjy2alzy02hy5amlqmacm0z65q,100000.000000000000000000,ujuno,100000
juno1xn2fzx2fw7qlgalycv0huschmcxz46gcy60k0v,junovaloper1eqwz3j9cv7q3jjy2alzy02hy5amlqmacm0z65q,29220000.000000000000000000,ujuno,29220000
juno1xndgyrnlcfx8qzgrxkj9ythynscsr2ckwmy9pq,junovaloper1eqwz3j9cv7q3jjy2alzy02hy5amlqmacm0z65q,10102000.000000000000000000,ujuno,10102000
juno1x5yh3fkm7h7l5k0zzc6pal2wx8g4nknv0dczmu,junovaloper1eqwz3j9cv7q3jjy2alzy02hy5amlqmacm0z65q,4009772.000000000000000000,ujuno,4009772
juno1xhwcv9egw7qgx8ef7v032tk2fga58ayurzl2xf,junovaloper1eqwz3j9cv7q3jjy2alzy02hy5amlqmacm0z65q,5271727.000000000000000000,ujuno,5271727
juno1xerve3aj8ut8c2ryxa5f9lcwm0k7gkcsap67ht,junovaloper1eqwz3j9cv7q3jjy2alzy02hy5amlqmacm0z65q,11850000.000000000000000000,ujuno,11850000
juno1xedphzwyty7rd4d2sx0kgzza9098zjjmn98r9y,junovaloper1eqwz3j9cv7q3jjy2alzy02hy5amlqmacm0z65q,26046140.000000000000000000,ujuno,26046140
juno1xedj7zlwz9rn2qjmmq7u22tpfud8tce78jzl8z,junovaloper1eqwz3j9cv7q3jjy2alzy02hy5amlqmacm0z65q,8000000.000000000000000000,ujuno,8000000
juno1xmkq396sjsy65nu8mne4dzecd60f4ws39rz9vg,junovaloper1eqwz3j9cv7q3jjy2alzy02hy5amlqmacm0z65q,220000000.000000000000000000,ujuno,220000000
juno1xuu6u83tu743jy92c2zmuhkftn0hsfcwy6s2rv,junovaloper1eqwz3j9cv7q3jjy2alzy02hy5amlqmacm0z65q,5000000.000000000000000000,ujuno,5000000
juno1xax6jls2gjsxwslyerfau5f5lgtxqnz6d6l3qj,junovaloper1eqwz3j9cv7q3jjy2alzy02hy5amlqmacm0z65q,1000000.000000000000000000,ujuno,1000000
juno1x7tq4hezc3uakcjjh3hk7gu88dkrkc708h5z3h,junovaloper1eqwz3j9cv7q3jjy2alzy02hy5amlqmacm0z65q,5000000.000000000000000000,ujuno,5000000
juno1xlzntccdxgm69vqzcsmlgs73gufajeru8zzuyf,junovaloper1eqwz3j9cv7q3jjy2alzy02hy5amlqmacm0z65q,1100.000000000000000000,ujuno,1100
juno18qg43ntw5cn7fps50c4nnjve6pq4wkc5tt227h,junovaloper1eqwz3j9cv7q3jjy2alzy02hy5amlqmacm0z65q,35600000.000000000000000000,ujuno,35600000
juno18qw9ydpewh405w4lvmuhlg9gtaep79vy2gmtr2,junovaloper1eqwz3j9cv7q3jjy2alzy02hy5amlqmacm0z65q,110000000000.000000000000000000,ujuno,110000000000
juno18rlp3mr4pzgecfmy7nkxs8d36x6ye0qatwgfky,junovaloper1eqwz3j9cv7q3jjy2alzy02hy5amlqmacm0z65q,5200000.000000000000000000,ujuno,5200000
juno18gywr5yx8ch94c88sm0d39dsw0lr9w0gvy9p09,junovaloper1eqwz3j9cv7q3jjy2alzy02hy5amlqmacm0z65q,11800000.000000000000000000,ujuno,11800000
juno18f03tpajx65xuj4h44mmjhag65jeslngw7q274,junovaloper1eqwz3j9cv7q3jjy2alzy02hy5amlqmacm0z65q,10200000.000000000000000000,ujuno,10200000
juno18tgy7tmpng6qspxgwl4alvc0myq6ln7uekxh78,junovaloper1eqwz3j9cv7q3jjy2alzy02hy5amlqmacm0z65q,247000000.000000000000000000,ujuno,247000000
juno18d8nyr68yaf6sc9du2d9awmjgqxa30zvddx3aw,junovaloper1eqwz3j9cv7q3jjy2alzy02hy5amlqmacm0z65q,26523532.000000000000000000,ujuno,26523532
juno18sylca2h9842dzh58nhmw0qekxqfqd6w9vlx77,junovaloper1eqwz3j9cv7q3jjy2alzy02hy5amlqmacm0z65q,3000000.000000000000000000,ujuno,3000000
juno18nxtrkcqj90smy25jlr4h6mm3jte9crsfemvr4,junovaloper1eqwz3j9cv7q3jjy2alzy02hy5amlqmacm0z65q,12761623.000000000000000000,ujuno,12761623
juno185p0v5hltx4r4583vgqy9yj93y7p5t62d36uam,junovaloper1eqwz3j9cv7q3jjy2alzy02hy5amlqmacm0z65q,37000000.000000000000000000,ujuno,37000000
juno185muauvvhf3n3cxhjknjhqvey9dgglvpq32qke,junovaloper1eqwz3j9cv7q3jjy2alzy02hy5amlqmacm0z65q,100000.000000000000000000,ujuno,100000
juno18cm4hm0nkyyeyxryn8xvhy2zu0qv7ags9yuxdm,junovaloper1eqwz3j9cv7q3jjy2alzy02hy5amlqmacm0z65q,120000000.000000000000000000,ujuno,120000000
juno1862t9vku0w6umqf6dzdme8fxvpn2knqglg7rg9,junovaloper1eqwz3j9cv7q3jjy2alzy02hy5amlqmacm0z65q,2000000.000000000000000000,ujuno,2000000
juno18umk4jenevvqvwcsrxmev65x5n76ml47rst6r6,junovaloper1eqwz3j9cv7q3jjy2alzy02hy5amlqmacm0z65q,1360000000.000000000000000000,ujuno,1360000000
juno187mkfas2jdzmfyxan3whn8arjvaslex2g3qf73,junovaloper1eqwz3j9cv7q3jjy2alzy02hy5amlqmacm0z65q,60000000.000000000000000000,ujuno,60000000
juno18lz45r3jznse0rxrfn79mxeepwt8kt0yy2wqyj,junovaloper1eqwz3j9cv7q3jjy2alzy02hy5amlqmacm0z65q,2000000.000000000000000000,ujuno,2000000
juno18lj2nk4ptr56fzqu9dw24wk4mrjtchuwsh2m09,junovaloper1eqwz3j9cv7q3jjy2alzy02hy5amlqmacm0z65q,30000000.000000000000000000,ujuno,30000000
juno1gq6pd9q8px97720arytdngc7zhyrxp4xr3tggf,junovaloper1eqwz3j9cv7q3jjy2alzy02hy5amlqmacm0z65q,52000000.000000000000000000,ujuno,52000000
juno1gp94e2st9x758dc996vlcw4uaflphsgkmxpwkv,junovaloper1eqwz3j9cv7q3jjy2alzy02hy5amlqmacm0z65q,1250000.000000000000000000,ujuno,1250000
juno1gzzws3y22mjqk7pghwh8nasfgnpkdq6t2kuxsj,junovaloper1eqwz3j9cv7q3jjy2alzy02hy5amlqmacm0z65q,190745174.000000000000000000,ujuno,190745174
juno1gz23sattukj4zsgp8rm2787t7dvfusunrl0g50,junovaloper1eqwz3j9cv7q3jjy2alzy02hy5amlqmacm0z65q,225712.000000000000000000,ujuno,225712
juno1grfvkhdhewaz7rrej7m5vecfregp99g307vu0l,junovaloper1eqwz3j9cv7q3jjy2alzy02hy5amlqmacm0z65q,30610000.000000000000000000,ujuno,30610000
juno1gy40lngfx8zlrkzavhz2qwcdwxafz4zjw05tjx,junovaloper1eqwz3j9cv7q3jjy2alzy02hy5amlqmacm0z65q,1500000.000000000000000000,ujuno,1500000
juno1g9jaj06gx3r20wcyq5mge3yexgtv30nf4cz3de,junovaloper1eqwz3j9cv7q3jjy2alzy02hy5amlqmacm0z65q,25100000.000000000000000000,ujuno,25100000
juno1ggtxn0rlvm39ksczh5yalldhkl2x07r909z5zq,junovaloper1eqwz3j9cv7q3jjy2alzy02hy5amlqmacm0z65q,35930000.000000000000000000,ujuno,35930000
juno1g2y04zwmsueeqqk7grs6m5nxhltqtrxgeqemk0,junovaloper1eqwz3j9cv7q3jjy2alzy02hy5amlqmacm0z65q,6000000.000000000000000000,ujuno,6000000
juno1g2mjkrugdjr0h75cwg9ml5r8ynltd4z9r42th3,junovaloper1eqwz3j9cv7q3jjy2alzy02hy5amlqmacm0z65q,20000.000000000000000000,ujuno,20000
juno1gth36wkv0jzveuu6zmhdpxaxet9msf3l8u6jxx,junovaloper1eqwz3j9cv7q3jjy2alzy02hy5amlqmacm0z65q,1000.000000000000000000,ujuno,1000
juno1gvc0l4upc88arx673tmg7u3g7zsssnyyle5ph5,junovaloper1eqwz3j9cv7q3jjy2alzy02hy5amlqmacm0z65q,6059520808.000000000000000000,ujuno,6059520808
juno1g3tlevnxxa98p9xlwaqpdwzv2xeedzuprl4ypm,junovaloper1eqwz3j9cv7q3jjy2alzy02hy5amlqmacm0z65q,7590000.000000000000000000,ujuno,7590000
juno1gnh70uzvmgsn7fxx6afn0f2338cxrdx6jc3jaj,junovaloper1eqwz3j9cv7q3jjy2alzy02hy5amlqmacm0z65q,6141048.000000000000000000,ujuno,6141048
juno1g50u7twmuq9vmqpzz27200uh2gnhc0yckkdz5x,junovaloper1eqwz3j9cv7q3jjy2alzy02hy5amlqmacm0z65q,4000000.000000000000000000,ujuno,4000000
juno1g55qvjl35t0nky4zu8uqj82q8a36k222lr9784,junovaloper1eqwz3j9cv7q3jjy2alzy02hy5amlqmacm0z65q,43000000.000000000000000000,ujuno,43000000
juno1g452jgl4f2gygafw0ptgqec9melw452fvcer9q,junovaloper1eqwz3j9cv7q3jjy2alzy02hy5amlqmacm0z65q,26300000.000000000000000000,ujuno,26300000
juno1gk036vqarygx3hsf4ezlv632x0d0msgxs85hdf,junovaloper1eqwz3j9cv7q3jjy2alzy02hy5amlqmacm0z65q,5000000.000000000000000000,ujuno,5000000
juno1g6hyfkrgyp0cfv8j8y7zf7h8mw0l0thdjzcd00,junovaloper1eqwz3j9cv7q3jjy2alzy02hy5amlqmacm0z65q,832000.000000000000000000,ujuno,832000
juno1g6l52y03a9gdgr74ttqexq4drr7md9gpazddgv,junovaloper1eqwz3j9cv7q3jjy2alzy02hy5amlqmacm0z65q,782707.000000000000000000,ujuno,782707
juno1gljn5ucykzwxgn2le444vtp9krz7lca6chh3nw,junovaloper1eqwz3j9cv7q3jjy2alzy02hy5amlqmacm0z65q,11000.000000000000000000,ujuno,11000
juno1glnnzc5y7rhsdz0x7fhh83auzgl3qy099juvyu,junovaloper1eqwz3j9cv7q3jjy2alzy02hy5amlqmacm0z65q,1800000.000000000000000000,ujuno,1800000
juno1fpecpr2yfwrnlr420q8g9el6nvamp7lc8jy6n9,junovaloper1eqwz3j9cv7q3jjy2alzy02hy5amlqmacm0z65q,8189.000000000000000000,ujuno,8189
juno1fz8ggn3sf4tcd45tv6wxvawf5ycdngdxe7ws2x,junovaloper1eqwz3j9cv7q3jjy2alzy02hy5amlqmacm0z65q,110438800.000000000000000000,ujuno,110438800
juno1frpe4aju8zl8nm7rzfq303jdrvctwx3mt592at,junovaloper1eqwz3j9cv7q3jjy2alzy02hy5amlqmacm0z65q,20000.000000000000000000,ujuno,20000
juno1frh7xegq72gz2x6qcjyjv8nqz2h7y2053nte3t,junovaloper1eqwz3j9cv7q3jjy2alzy02hy5amlqmacm0z65q,4138883.000000000000000000,ujuno,4138883
juno1f9288phuzredp9n83r8kg5aj69medzz9p9k90v,junovaloper1eqwz3j9cv7q3jjy2alzy02hy5amlqmacm0z65q,107600000.000000000000000000,ujuno,107600000
juno1fxa8uludtua36fgj5l8rh0drvn8m0a6hve9gmj,junovaloper1eqwz3j9cv7q3jjy2alzy02hy5amlqmacm0z65q,20200000.000000000000000000,ujuno,20200000
juno1fgwaqndwpl2hmk6vv98vt07fkefvx46wmvsl8n,junovaloper1eqwz3j9cv7q3jjy2alzy02hy5amlqmacm0z65q,20000000.000000000000000000,ujuno,20000000
juno1fgnfg2gnxhkmcc8tgpph6jm6xvn236je44st9q,junovaloper1eqwz3j9cv7q3jjy2alzy02hy5amlqmacm0z65q,100000000.000000000000000000,ujuno,100000000
juno1fgu8s47kplrt9jkegfd02hpjer6hye2jwk0erp,junovaloper1eqwz3j9cv7q3jjy2alzy02hy5amlqmacm0z65q,1100.000000000000000000,ujuno,1100
juno1ffm99l7fh8pk8ra4607z46cajxgj750l0jf94q,junovaloper1eqwz3j9cv7q3jjy2alzy02hy5amlqmacm0z65q,500.000000000000000000,ujuno,500
juno1f25m43hucrvddwlwv9cd4kxqhtcpx4h3uj6fkp,junovaloper1eqwz3j9cv7q3jjy2alzy02hy5amlqmacm0z65q,7000000.000000000000000000,ujuno,7000000
juno1fvl7tlf9p64mh98yj54tg0dxwt0j6wzhxv6jl6,junovaloper1eqwz3j9cv7q3jjy2alzy02hy5amlqmacm0z65q,52000000.000000000000000000,ujuno,52000000
juno1fws6u4wfg47v6x46sha4464zls7nwpyxxle4gm,junovaloper1eqwz3j9cv7q3jjy2alzy02hy5amlqmacm0z65q,1000000000.000000000000000000,ujuno,1000000000
juno1fwc8dt9jxljx254u4sptxr920c4lx5hfmpj9fk,junovaloper1eqwz3j9cv7q3jjy2alzy02hy5amlqmacm0z65q,25000000.000000000000000000,ujuno,25000000
juno1f0tklc6apn243lmvz0nsux0mpx59crf8g2m7p4,junovaloper1eqwz3j9cv7q3jjy2alzy02hy5amlqmacm0z65q,40000000.000000000000000000,ujuno,40000000
juno1f30gmjqxnxyentfdg40fcnfppn55x5ffx7syx4,junovaloper1eqwz3j9cv7q3jjy2alzy02hy5amlqmacm0z65q,101000000.000000000000000000,ujuno,101000000
juno1f3sak44pkjzhhh2zjrdawufqpgdmqdd5l4wudp,junovaloper1eqwz3j9cv7q3jjy2alzy02hy5amlqmacm0z65q,106000000.000000000000000000,ujuno,106000000
juno1f3nczglhs5eztaxsfmmpudduag506azd6ye4z2,junovaloper1eqwz3j9cv7q3jjy2alzy02hy5amlqmacm0z65q,33046066.000000000000000000,ujuno,33046066
juno1fjh798fyn9vqldc8ru09c99r89v5mt3cu49ec0,junovaloper1eqwz3j9cv7q3jjy2alzy02hy5amlqmacm0z65q,28710060.000000000000000000,ujuno,28710060
juno1f4hmea7xdje20zcqtsrll2kzkgrwcmyu4w76pr,junovaloper1eqwz3j9cv7q3jjy2alzy02hy5amlqmacm0z65q,32164395.000000000000000000,ujuno,32164395
juno1fkp2yepy2f6hq9nsaje03ntrzjym2fv74zg7yn,junovaloper1eqwz3j9cv7q3jjy2alzy02hy5amlqmacm0z65q,2200000.000000000000000000,ujuno,2200000
juno1fkmjefthcwdw4znky2cskcyrhchvcpaq092x5y,junovaloper1eqwz3j9cv7q3jjy2alzy02hy5amlqmacm0z65q,5150000.000000000000000000,ujuno,5150000
juno1fcukvhl5c82h4s7uxtsmknl30l3p6xtq96nt7k,junovaloper1eqwz3j9cv7q3jjy2alzy02hy5amlqmacm0z65q,18300000.000000000000000000,ujuno,18300000
juno1feazjcyexjey8hwuwzfq840h6lkjkq99jtcct4,junovaloper1eqwz3j9cv7q3jjy2alzy02hy5amlqmacm0z65q,2067015.000000000000000000,ujuno,2067015
juno1fmx9qpxj3xw02aag09f3u72qlynp6fmevvme73,junovaloper1eqwz3j9cv7q3jjy2alzy02hy5amlqmacm0z65q,11000.000000000000000000,ujuno,11000
juno1fm5l7rcy2n9g7gnsy6ty2e34vh7l9srmcxxq28,junovaloper1eqwz3j9cv7q3jjy2alzy02hy5amlqmacm0z65q,10005318.000000000000000000,ujuno,10005318
juno12pk8c2qprdnhm9859vyzryu6qmu2u47pjuzl0z,junovaloper1eqwz3j9cv7q3jjy2alzy02hy5amlqmacm0z65q,10100000.000000000000000000,ujuno,10100000
juno12zqxkytn9qaajvvrsg90zkrr7pka9mqux2cjta,junovaloper1eqwz3j9cv7q3jjy2alzy02hy5amlqmacm0z65q,10000000.000000000000000000,ujuno,10000000
juno12x9e6mtrf27p8eucdst0vedlhkgm2upk0f9e73,junovaloper1eqwz3j9cv7q3jjy2alzy02hy5amlqmacm0z65q,1431208.000000000000000000,ujuno,1431208
juno128eq8k959xt4rppkgx3xekpwvwurh9y4vc46zf,junovaloper1eqwz3j9cv7q3jjy2alzy02hy5amlqmacm0z65q,15176000.000000000000000000,ujuno,15176000
juno1225ymvkd0wye26rfntp2dg9g3hhl9ckgyf8zxt,junovaloper1eqwz3j9cv7q3jjy2alzy02hy5amlqmacm0z65q,36237914.000000000000000000,ujuno,36237914
juno12tv6t267xkuhqudkcdhattklcclfevqafw2d6q,junovaloper1eqwz3j9cv7q3jjy2alzy02hy5amlqmacm0z65q,4404647.000000000000000000,ujuno,4404647
juno12tlc5jjl0xxpacl42qwlcyjhjxycpunpfj327g,junovaloper1eqwz3j9cv7q3jjy2alzy02hy5amlqmacm0z65q,10000000.000000000000000000,ujuno,10000000
juno12vyyl4xf8x9tjzgcnl2p5t8jm6mw4uzrhkd4uv,junovaloper1eqwz3j9cv7q3jjy2alzy02hy5amlqmacm0z65q,293409.000000000000000000,ujuno,293409
juno12j7jt32c9edfsfx8ea3v5ed2yqzahw27t9xddr,junovaloper1eqwz3j9cv7q3jjy2alzy02hy5amlqmacm0z65q,1500.000000000000000000,ujuno,1500
juno12nrr5spwycmc4204hh3wk2ea4cs59gzm8ws08v,junovaloper1eqwz3j9cv7q3jjy2alzy02hy5amlqmacm0z65q,8058697.000000000000000000,ujuno,8058697
juno12ntjexlnmtd8qpzjzmmhwphx6hzvazvqllpmpr,junovaloper1eqwz3j9cv7q3jjy2alzy02hy5amlqmacm0z65q,51600000.000000000000000000,ujuno,51600000
juno125pyl8p6ctvp842ce90gvlegwp53flcm0k6jlp,junovaloper1eqwz3j9cv7q3jjy2alzy02hy5amlqmacm0z65q,518000000.000000000000000000,ujuno,518000000
juno124lh8h6nm8jks9gcd5nd5caazpk0609kf09750,junovaloper1eqwz3j9cv7q3jjy2alzy02hy5amlqmacm0z65q,100000000.000000000000000000,ujuno,100000000
juno12cltp5xtsh8vpd5yvn6332r2de6cv2rzxhrtuu,junovaloper1eqwz3j9cv7q3jjy2alzy02hy5amlqmacm0z65q,9000000.000000000000000000,ujuno,9000000
juno126f39e04mc5vzetzcydwr8czvhtk5kepce3yr4,junovaloper1eqwz3j9cv7q3jjy2alzy02hy5amlqmacm0z65q,10100000.000000000000000000,ujuno,10100000
juno12mqgfxh25tqrl4xz39z0t67r4q024c7qyrh54e,junovaloper1eqwz3j9cv7q3jjy2alzy02hy5amlqmacm0z65q,157132.000000000000000000,ujuno,157132
juno12mnrdxfpa5rcrp8tq0q0rm42lphpc5n4a5rwzw,junovaloper1eqwz3j9cv7q3jjy2alzy02hy5amlqmacm0z65q,315100000.000000000000000000,ujuno,315100000
juno12mcp0l6xrnq4c0cgqp8axk49l2m5prgfwkmkzj,junovaloper1eqwz3j9cv7q3jjy2alzy02hy5amlqmacm0z65q,40250000.000000000000000000,ujuno,40250000
juno12aa5ule7t0j0y092502ph5wyrjztnh9dns2mne,junovaloper1eqwz3j9cv7q3jjy2alzy02hy5amlqmacm0z65q,20260000.000000000000000000,ujuno,20260000
juno12aln275v2y79mmt3wlxfp3kd2ndkf9umq98ul4,junovaloper1eqwz3j9cv7q3jjy2alzy02hy5amlqmacm0z65q,1900.000000000000000000,ujuno,1900
juno127hgjjrst9mngejd4l4wprnnppwl6e22v4j6vu,junovaloper1eqwz3j9cv7q3jjy2alzy02hy5amlqmacm0z65q,11714788.000000000000000000,ujuno,11714788
juno12ly25ydqnklze5u40sf09dy3m57963m9kvr72a,junovaloper1eqwz3j9cv7q3jjy2alzy02hy5amlqmacm0z65q,13000000.000000000000000000,ujuno,13000000
juno1tp85cxnv4j834xw70ynh385kgjfmtxktnc0zhn,junovaloper1eqwz3j9cv7q3jjy2alzy02hy5amlqmacm0z65q,10000000.000000000000000000,ujuno,10000000
juno1trqlp27j27seeeux88tde7acal3k9vv88rv287,junovaloper1eqwz3j9cv7q3jjy2alzy02hy5amlqmacm0z65q,50000000.000000000000000000,ujuno,50000000
juno1tyyzaweyekmur2ams7smdc96npl2wqlfzhxmmk,junovaloper1eqwz3j9cv7q3jjy2alzy02hy5amlqmacm0z65q,15149900.000000000000000000,ujuno,15149900
juno1ty3nvvm5psp3ywp4g80fxsrust7s7agm65u07v,junovaloper1eqwz3j9cv7q3jjy2alzy02hy5amlqmacm0z65q,2000.000000000000000000,ujuno,2000
juno1t9yhdcaagx2l2ftmyfqhz84m859p3z7tw035np,junovaloper1eqwz3j9cv7q3jjy2alzy02hy5amlqmacm0z65q,25100000.000000000000000000,ujuno,25100000
juno1t937l6uhmkr9qsz39l4w4jvln5q3py9shfwq9g,junovaloper1eqwz3j9cv7q3jjy2alzy02hy5amlqmacm0z65q,20000.000000000000000000,ujuno,20000
juno1t8w4k3xlmwy36kmlc382z2fdhydwlvc23827tq,junovaloper1eqwz3j9cv7q3jjy2alzy02hy5amlqmacm0z65q,2121199.000000000000000000,ujuno,2121199
juno1td5dacyexdd6xvzz2sskwd5t5tl7n3hfp7eqty,junovaloper1eqwz3j9cv7q3jjy2alzy02hy5amlqmacm0z65q,500000000.000000000000000000,ujuno,500000000
juno1t5h7nszz56st202aurpxs6e6frq9r06ds4wklg,junovaloper1eqwz3j9cv7q3jjy2alzy02hy5amlqmacm0z65q,10000.000000000000000000,ujuno,10000
juno1tcezdrc87ye9st75d73nm7psxpd6mx9aagacga,junovaloper1eqwz3j9cv7q3jjy2alzy02hy5amlqmacm0z65q,26000000.000000000000000000,ujuno,26000000
juno1tetl85ya656eky2f294a7v3pwdzgujgurmphk3,junovaloper1eqwz3j9cv7q3jjy2alzy02hy5amlqmacm0z65q,109629999.000000000000000000,ujuno,109629999
juno1tec2pkmcgh30ljc9eelxxkyh6tet9pkgdvnwd5,junovaloper1eqwz3j9cv7q3jjy2alzy02hy5amlqmacm0z65q,42000000.000000000000000000,ujuno,42000000
juno1tmuvhu57h4ykkslke24um2ghd5awju926eqgng,junovaloper1eqwz3j9cv7q3jjy2alzy02hy5amlqmacm0z65q,7815000.000000000000000000,ujuno,7815000
juno1tug3p667njqqlgup570uurdk8mvy3tyy5u9wmu,junovaloper1eqwz3j9cv7q3jjy2alzy02hy5amlqmacm0z65q,50000000.000000000000000000,ujuno,50000000
juno1tltmq4k0rfxlca98l9zw9trvuqwqmd9c9qxtkz,junovaloper1eqwz3j9cv7q3jjy2alzy02hy5amlqmacm0z65q,10000000.000000000000000000,ujuno,10000000
juno1vqtes47k2jlxp4ea53q5ryya2kuea6p7q3s68g,junovaloper1eqwz3j9cv7q3jjy2alzy02hy5amlqmacm0z65q,5000000.000000000000000000,ujuno,5000000
juno1vzrsp9h9k7ulddl6ajc46t26fclnexcntelqnl,junovaloper1eqwz3j9cv7q3jjy2alzy02hy5amlqmacm0z65q,11181866.000000000000000000,ujuno,11181866
juno1vrsdsrl2gnz795jx46f6x7a6fhz7k7690dt2ku,junovaloper1eqwz3j9cv7q3jjy2alzy02hy5amlqmacm0z65q,33704252.000000000000000000,ujuno,33704252
juno1vrml8rkxcstrneqv208wmd9f3yd5uwkwxw9ken,junovaloper1eqwz3j9cv7q3jjy2alzy02hy5amlqmacm0z65q,34002103.000000000000000000,ujuno,34002103
juno1vfkkxm63c8qvay74hfel7er5r88eum55s9cs5y,junovaloper1eqwz3j9cv7q3jjy2alzy02hy5amlqmacm0z65q,4450.000000000000000000,ujuno,4450
juno1v2n8632yupsnksc5kd2hyts63n0c73c5qzp9lz,junovaloper1eqwz3j9cv7q3jjy2alzy02hy5amlqmacm0z65q,100000.000000000000000000,ujuno,100000
juno1vtgu9cksaw62rru737c5fhphuy2zrlk83dre2g,junovaloper1eqwz3j9cv7q3jjy2alzy02hy5amlqmacm0z65q,2000000.000000000000000000,ujuno,2000000
juno1vt4swa08vqpj5m43kc7rd9z5qnqxtfhn0a3s9m,junovaloper1eqwz3j9cv7q3jjy2alzy02hy5amlqmacm0z65q,14789000.000000000000000000,ujuno,14789000
juno1vd09qjffsh09npmpqjzzwvwmgqwx825hlt0y2g,junovaloper1eqwz3j9cv7q3jjy2alzy02hy5amlqmacm0z65q,28663967.000000000000000000,ujuno,28663967
juno1vd0un6m8tcff8qewgvv2562ew557j258j8txqt,junovaloper1eqwz3j9cv7q3jjy2alzy02hy5amlqmacm0z65q,8269188.000000000000000000,ujuno,8269188
juno1v0fc45reynszvl0v0gahww4l76g5dzwz3rz8zf,junovaloper1eqwz3j9cv7q3jjy2alzy02hy5amlqmacm0z65q,1000900.000000000000000000,ujuno,1000900
juno1v0flgsj5g09shqpk6f9ea9fuw52ny2ca3l69vp,junovaloper1eqwz3j9cv7q3jjy2alzy02hy5amlqmacm0z65q,2500000.000000000000000000,ujuno,2500000
juno1v4wzlpqpu7yrvpwwd2sd0mnqd8qwaacwu6va98,junovaloper1eqwz3j9cv7q3jjy2alzy02hy5amlqmacm0z65q,20150000.000000000000000000,ujuno,20150000
juno1vkthfcdhnn4uvz83q29vwkx2qpzjmpue2arhpw,junovaloper1eqwz3j9cv7q3jjy2alzy02hy5amlqmacm0z65q,10341000.000000000000000000,ujuno,10341000
juno1vk405u5kwrwv2g4yvz3fnttex937pqlnxugpwq,junovaloper1eqwz3j9cv7q3jjy2alzy02hy5amlqmacm0z65q,4000000000.000000000000000000,ujuno,4000000000
juno1vhyqz95vsq0j3k7575vqef47f5avvqnttlwp9n,junovaloper1eqwz3j9cv7q3jjy2alzy02hy5amlqmacm0z65q,500000.000000000000000000,ujuno,500000
juno1ve09j4m8y85az8syj5kx0jvc5fzul5x5xnmvl5,junovaloper1eqwz3j9cv7q3jjy2alzy02hy5amlqmacm0z65q,25115097.000000000000000000,ujuno,25115097
juno1v6r5xx4eug7qanhedzj8r0zma42arckr5ec2r7,junovaloper1eqwz3j9cv7q3jjy2alzy02hy5amlqmacm0z65q,120000.000000000000000000,ujuno,120000
juno1v6ed30w53rjnl3c9233m99etfaqtxmy0tsa0a5,junovaloper1eqwz3j9cv7q3jjy2alzy02hy5amlqmacm0z65q,25000000.000000000000000000,ujuno,25000000
juno1vmvfxsd5u0zzstg6ftypek85erc40dv9390x7a,junovaloper1eqwz3j9cv7q3jjy2alzy02hy5amlqmacm0z65q,500000.000000000000000000,ujuno,500000
juno1vaz3yc3e7qlldawk0mhsc7dq9vpecwp7zlmald,junovaloper1eqwz3j9cv7q3jjy2alzy02hy5amlqmacm0z65q,2200000.000000000000000000,ujuno,2200000
juno1vlfk7gdka3gfhskdquyccnc6pkdny9d7pqlpp0,junovaloper1eqwz3j9cv7q3jjy2alzy02hy5amlqmacm0z65q,109600000.000000000000000000,ujuno,109600000
juno1dp3qeqpvgfkh7c07vn64m0kj7pps64ztn2wr4x,junovaloper1eqwz3j9cv7q3jjy2alzy02hy5amlqmacm0z65q,100000000.000000000000000000,ujuno,100000000
juno1dzlhwpv0pcy9446hukkzmjzqwn96ep6jna8h08,junovaloper1eqwz3j9cv7q3jjy2alzy02hy5amlqmacm0z65q,28370809.000000000000000000,ujuno,28370809
juno1dzlc22w4prqlf2kwslptfyj2zny92qzy7543z3,junovaloper1eqwz3j9cv7q3jjy2alzy02hy5amlqmacm0z65q,2500000.000000000000000000,ujuno,2500000
juno1dy5aju8zrkc5t5lxrktfyhwh79f485warlzwj3,junovaloper1eqwz3j9cv7q3jjy2alzy02hy5amlqmacm0z65q,15300000.000000000000000000,ujuno,15300000
juno1dx3yatt8fghernlg0vm643mmtzx955fw4v9h2j,junovaloper1eqwz3j9cv7q3jjy2alzy02hy5amlqmacm0z65q,5000000.000000000000000000,ujuno,5000000
juno1d8gkhdnj5hxdql5x4quns5yvld99hwpl7d5xyj,junovaloper1eqwz3j9cv7q3jjy2alzy02hy5amlqmacm0z65q,1600000.000000000000000000,ujuno,1600000
juno1dtkmcachfey2tltdwdar5x9xjn23vs9cuc432q,junovaloper1eqwz3j9cv7q3jjy2alzy02hy5amlqmacm0z65q,2000.000000000000000000,ujuno,2000
juno1dtm2ngp0vu2u3tgu4yg2zt2frl9kgz3vhd0qm5,junovaloper1eqwz3j9cv7q3jjy2alzy02hy5amlqmacm0z65q,10000000.000000000000000000,ujuno,10000000
juno1dwkemas6hp503sullksjnaf6pszp3frmk3w3ux,junovaloper1eqwz3j9cv7q3jjy2alzy02hy5amlqmacm0z65q,20200000.000000000000000000,ujuno,20200000
juno1dwklgkpugkc0zek03zkqtwr8mxmghjy842xjyj,junovaloper1eqwz3j9cv7q3jjy2alzy02hy5amlqmacm0z65q,32246368.000000000000000000,ujuno,32246368
juno1ds0spl74p7hvxt039s9mazygrpg6f9aszspjqj,junovaloper1eqwz3j9cv7q3jjy2alzy02hy5amlqmacm0z65q,100000.000000000000000000,ujuno,100000
juno1dj5t87u94886mkp2kc4jvpzxzep0jwqlclku5s,junovaloper1eqwz3j9cv7q3jjy2alzy02hy5amlqmacm0z65q,10093750.000000000000000000,ujuno,10093750
juno1dn82l2e0m6rrftp3vzvnjwf4l6y00z36yla5w7,junovaloper1eqwz3j9cv7q3jjy2alzy02hy5amlqmacm0z65q,137500000.000000000000000000,ujuno,137500000
juno1dkq8d9m3put6ace0mn5k7km3ch837e3ejkyzhu,junovaloper1eqwz3j9cv7q3jjy2alzy02hy5amlqmacm0z65q,6480000.000000000000000000,ujuno,6480000
juno1dkdx0u5pz4g0u9ksvzqe63fd20hpzjkyaw7afa,junovaloper1eqwz3j9cv7q3jjy2alzy02hy5amlqmacm0z65q,1040696.000000000000000000,ujuno,1040696
juno1dcd0w3wyspnfh6av6dc4rnd5cug3pe53gfcwrw,junovaloper1eqwz3j9cv7q3jjy2alzy02hy5amlqmacm0z65q,6466212.000000000000000000,ujuno,6466212
juno1dmlp04jnfktvzkms9fkhjwkl8qvggcwqvkfpwp,junovaloper1eqwz3j9cv7q3jjy2alzy02hy5amlqmacm0z65q,100000.000000000000000000,ujuno,100000
juno1du2hy8ta27cqh368yalutqwq3ghrlf8mwut5yz,junovaloper1eqwz3j9cv7q3jjy2alzy02hy5amlqmacm0z65q,28000000.000000000000000000,ujuno,28000000
juno1duafe7q2kaehevgn5wyd4u0zqtgpgxzx5macd8,junovaloper1eqwz3j9cv7q3jjy2alzy02hy5amlqmacm0z65q,2240000.000000000000000000,ujuno,2240000
juno1da85gjhaupl8ae7ee66sw9zh585uu9j3flavda,junovaloper1eqwz3j9cv7q3jjy2alzy02hy5amlqmacm0z65q,50000000.000000000000000000,ujuno,50000000
juno1d79gcwc6k8ned68wmfv4npxvlgtf9yuw0sadfe,junovaloper1eqwz3j9cv7q3jjy2alzy02hy5amlqmacm0z65q,10000000.000000000000000000,ujuno,10000000
juno1dlwzhm3kvfd8ga3g59umkmd9vfnhvgfdk9a5dc,junovaloper1eqwz3j9cv7q3jjy2alzy02hy5amlqmacm0z65q,51430462.000000000000000000,ujuno,51430462
juno1wpag2vzmywlxndv24hmm2majt793cztmppm6h4,junovaloper1eqwz3j9cv7q3jjy2alzy02hy5amlqmacm0z65q,11000000.000000000000000000,ujuno,11000000
juno1wz8xh2hd389v6f24fgu0w9980ey93nkdpvmehw,junovaloper1eqwz3j9cv7q3jjy2alzy02hy5amlqmacm0z65q,15000000.000000000000000000,ujuno,15000000
juno1wzk36gxmmh5sgtdh3869j0epyvssdx0mle85dq,junovaloper1eqwz3j9cv7q3jjy2alzy02hy5amlqmacm0z65q,5500000.000000000000000000,ujuno,5500000
juno1w9pzzpg8syykvrrgwu0e2x8tdmyemjcuma7g24,junovaloper1eqwz3j9cv7q3jjy2alzy02hy5amlqmacm0z65q,25000000.000000000000000000,ujuno,25000000
juno1w9m3hwfnkx535aht7tmpew283mgpt8y6r4w7lk,junovaloper1eqwz3j9cv7q3jjy2alzy02hy5amlqmacm0z65q,7000000.000000000000000000,ujuno,7000000
juno1w80g5swy7armj8ls3r433v0lknxyrp53lgjnc8,junovaloper1eqwz3j9cv7q3jjy2alzy02hy5amlqmacm0z65q,54000000.000000000000000000,ujuno,54000000
juno1wgdy47sw4j0v7kxyx2s4slrtshd74eedtwlwx4,junovaloper1eqwz3j9cv7q3jjy2alzy02hy5amlqmacm0z65q,10030000.000000000000000000,ujuno,10030000
juno1wflgeanud95jtuh8qnj8zz2y7jgg3n3g4d48ww,junovaloper1eqwz3j9cv7q3jjy2alzy02hy5amlqmacm0z65q,46000000.000000000000000000,ujuno,46000000
juno1wtcp7m7589vdmsse30rsrlt357dwy0qy2k2rsy,junovaloper1eqwz3j9cv7q3jjy2alzy02hy5amlqmacm0z65q,25000000.000000000000000000,ujuno,25000000
juno1ww6qrcsnp7ar3gh6sagn28axp68x2tp77kecmf,junovaloper1eqwz3j9cv7q3jjy2alzy02hy5amlqmacm0z65q,10050000.000000000000000000,ujuno,10050000
juno1w0n9kqgxqcqxv7yv49tkp3e8ujrzrlmgzkg7aq,junovaloper1eqwz3j9cv7q3jjy2alzy02hy5amlqmacm0z65q,328000000.000000000000000000,ujuno,328000000
juno1wsjckgk252jf793ecjjdzzl2n4rwahpprassqs,junovaloper1eqwz3j9cv7q3jjy2alzy02hy5amlqmacm0z65q,9624.000000000000000000,ujuno,9624
juno1wj204t7hz2anaffvnwvkvuyexclcejdelezvgf,junovaloper1eqwz3j9cv7q3jjy2alzy02hy5amlqmacm0z65q,6750000.000000000000000000,ujuno,6750000
juno1wnw2l7p60uflnkg6fd2tpnwus2h2rzrajtydmn,junovaloper1eqwz3j9cv7q3jjy2alzy02hy5amlqmacm0z65q,47550000.000000000000000000,ujuno,47550000
juno1w5dwt55pnfz0ql2esf32mqgn80ee7m8m2pvnk2,junovaloper1eqwz3j9cv7q3jjy2alzy02hy5amlqmacm0z65q,586541.000000000000000000,ujuno,586541
juno1w4tv7u3kzusl0ze5e5zacn6xnadrgf2mhuvz5c,junovaloper1eqwz3j9cv7q3jjy2alzy02hy5amlqmacm0z65q,83600000.000000000000000000,ujuno,83600000
juno1w4459hvuq5e8ggyrxxst3wggndzgppn0d804pc,junovaloper1eqwz3j9cv7q3jjy2alzy02hy5amlqmacm0z65q,1000000.000000000000000000,ujuno,1000000
juno1wcqf23l7r5z057l38fk5n0t7vhhwddwuuxj5rh,junovaloper1eqwz3j9cv7q3jjy2alzy02hy5amlqmacm0z65q,36380000.000000000000000000,ujuno,36380000
juno1weertjjtp49zqdzxst0jsc75p4wlqqj8ed4m6h,junovaloper1eqwz3j9cv7q3jjy2alzy02hy5amlqmacm0z65q,20100000.000000000000000000,ujuno,20100000
juno1wu3nde9rz0guc7tpl6cxlpy6j3jzen95044lx6,junovaloper1eqwz3j9cv7q3jjy2alzy02hy5amlqmacm0z65q,10000000.000000000000000000,ujuno,10000000
juno1wuc9pvpcs90h06ky4ecd4960qgmg354rxpf00w,junovaloper1eqwz3j9cv7q3jjy2alzy02hy5amlqmacm0z65q,36720000.000000000000000000,ujuno,36720000
juno1w7dndq5ru7v5yuulavfxw5av9dp5e6gwslvrcq,junovaloper1eqwz3j9cv7q3jjy2alzy02hy5amlqmacm0z65q,26000000.000000000000000000,ujuno,26000000
juno1w7mgy98qh8gd45r6k3468dp8m7wnnar4mfhm3x,junovaloper1eqwz3j9cv7q3jjy2alzy02hy5amlqmacm0z65q,739987082.000000000000000000,ujuno,739987082
juno10pwxt0ujthue9z4a8m5aetcw5dygr6ashzgzy7,junovaloper1eqwz3j9cv7q3jjy2alzy02hy5amlqmacm0z65q,6340000.000000000000000000,ujuno,6340000
juno10893eq4mmxmjstyanhx33x0ae89gqf8mnd69mg,junovaloper1eqwz3j9cv7q3jjy2alzy02hy5amlqmacm0z65q,66863881.000000000000000000,ujuno,66863881
juno108a3mqnnyv86neuh2q4vdlu33ja7fhquennlt5,junovaloper1eqwz3j9cv7q3jjy2alzy02hy5amlqmacm0z65q,3000000.000000000000000000,ujuno,3000000
juno10gl23phktyakg0jf44e6ufyve6a5ccvtkdkx3v,junovaloper1eqwz3j9cv7q3jjy2alzy02hy5amlqmacm0z65q,16345000.000000000000000000,ujuno,16345000
juno10wzx4wtkln7rtfgre7frlfzztnn9qkgya6p80w,junovaloper1eqwz3j9cv7q3jjy2alzy02hy5amlqmacm0z65q,3000000.000000000000000000,ujuno,3000000
juno10wv9mds80emehq3q0qrcvr5ssz8zwhheedhlts,junovaloper1eqwz3j9cv7q3jjy2alzy02hy5amlqmacm0z65q,100100000.000000000000000000,ujuno,100100000
juno100fjd4fgvavlevh44wqtfl8e46ryyzmhy0gkqj,junovaloper1eqwz3j9cv7q3jjy2alzy02hy5amlqmacm0z65q,2400000.000000000000000000,ujuno,2400000
juno103dvwr83dqchcj58c2rc4xus5en8m02kpmwvrh,junovaloper1eqwz3j9cv7q3jjy2alzy02hy5amlqmacm0z65q,1060.000000000000000000,ujuno,1060
juno10n4lwkks9ecu6flr77erpje8rjeg5dfn58cyv9,junovaloper1eqwz3j9cv7q3jjy2alzy02hy5amlqmacm0z65q,11000000.000000000000000000,ujuno,11000000
juno105jtwx5aa8nx4hwqe6d3p8f4us8wy0qqkhlf76,junovaloper1eqwz3j9cv7q3jjy2alzy02hy5amlqmacm0z65q,1100.000000000000000000,ujuno,1100
juno105usu05clhzc245eu3kvz5lsacxng0a8ahlv45,junovaloper1eqwz3j9cv7q3jjy2alzy02hy5amlqmacm0z65q,2429789.000000000000000000,ujuno,2429789
juno104eeal406gyhrq2m6zvgyhwkhh6776vftp0ju3,junovaloper1eqwz3j9cv7q3jjy2alzy02hy5amlqmacm0z65q,1100.000000000000000000,ujuno,1100
juno1046vlzf78q0tu4zvkjvyd24k0506a5r605eze8,junovaloper1eqwz3j9cv7q3jjy2alzy02hy5amlqmacm0z65q,11000000.000000000000000000,ujuno,11000000
juno104mlhyu7gm4mtp5qchvgjc4s9af0d4hkcralvy,junovaloper1eqwz3j9cv7q3jjy2alzy02hy5amlqmacm0z65q,62100000.000000000000000000,ujuno,62100000
juno10ktdjwkjj4wjtxjqspgg4qyq7erfcgr8r5vr4t,junovaloper1eqwz3j9cv7q3jjy2alzy02hy5amlqmacm0z65q,369580352.000000000000000000,ujuno,369580352
juno10k5q3z9ep8ps2c2vvj0ur7crrz6p89xpmxv074,junovaloper1eqwz3j9cv7q3jjy2alzy02hy5amlqmacm0z65q,2100.000000000000000000,ujuno,2100
juno10cqnmw4azem6uquc4ulwcnq052gv2k9j3p08xx,junovaloper1eqwz3j9cv7q3jjy2alzy02hy5amlqmacm0z65q,8000000.000000000000000000,ujuno,8000000
juno10mk7avkp8jf9fp8wfngsgpczjkhfhjvamnjdrq,junovaloper1eqwz3j9cv7q3jjy2alzy02hy5amlqmacm0z65q,30000000.000000000000000000,ujuno,30000000
juno10uvkhv4efc6jnvdc0grdu2ftqzgmth66zr4gla,junovaloper1eqwz3j9cv7q3jjy2alzy02hy5amlqmacm0z65q,4000000.000000000000000000,ujuno,4000000
juno10a03m4vemsj73yvafdhy7p0fldv0t43r3m2ay9,junovaloper1eqwz3j9cv7q3jjy2alzy02hy5amlqmacm0z65q,10000.000000000000000000,ujuno,10000
juno107vjqq2g0ksant3ga08s6am7j9pk7vwqfml8jp,junovaloper1eqwz3j9cv7q3jjy2alzy02hy5amlqmacm0z65q,50000000.000000000000000000,ujuno,50000000
juno1spftncrqsx7k5uk0djty2vvcaym44eq6j7ehfc,junovaloper1eqwz3j9cv7q3jjy2alzy02hy5amlqmacm0z65q,3000000.000000000000000000,ujuno,3000000
juno1sz8t9sm3pwgeqdfkzm4jgwlkuqjaud0f5dtp8a,junovaloper1eqwz3j9cv7q3jjy2alzy02hy5amlqmacm0z65q,5075844.000000000000000000,ujuno,5075844
juno1srx2e0xf9hke4tr5k3eg308rh8gsv0n7rz9w74,junovaloper1eqwz3j9cv7q3jjy2alzy02hy5amlqmacm0z65q,4296451.000000000000000000,ujuno,4296451
juno1srf9zfnzzw699zq2v93kjglfu2mujplt72v0hl,junovaloper1eqwz3j9cv7q3jjy2alzy02hy5amlqmacm0z65q,130000.000000000000000000,ujuno,130000
juno1sy5xufwt2gmxwxkwlvcckjjhl7ylyhk5udjhnk,junovaloper1eqwz3j9cv7q3jjy2alzy02hy5amlqmacm0z65q,20874597.000000000000000000,ujuno,20874597
juno1sg9rjdpnpw6nwcatuu393ygs6ghledczjtta6h,junovaloper1eqwz3j9cv7q3jjy2alzy02hy5amlqmacm0z65q,892280748.000000000000000000,ujuno,892280748
juno1sg3etn27lm9vq6w9t8a9u44aewlpgxv3gyywsj,junovaloper1eqwz3j9cv7q3jjy2alzy02hy5amlqmacm0z65q,14000000.000000000000000000,ujuno,14000000
juno1sg5eclxk9svey869xgz5etfpa9jnhrfh0dv2wx,junovaloper1eqwz3j9cv7q3jjy2alzy02hy5amlqmacm0z65q,30000000.000000000000000000,ujuno,30000000
juno1s297sytfv4snpkesdh2kw3fhts0vfnjdyrjv3x,junovaloper1eqwz3j9cv7q3jjy2alzy02hy5amlqmacm0z65q,500000.000000000000000000,ujuno,500000
juno1stqkafudwykj2vvy6nx7vnev27pd0a83txcxwv,junovaloper1eqwz3j9cv7q3jjy2alzy02hy5amlqmacm0z65q,85999999.000000000000000000,ujuno,85999999
juno1st0v6u60h7xz6chj768vcjlzs3r5xqnrh2wkcj,junovaloper1eqwz3j9cv7q3jjy2alzy02hy5amlqmacm0z65q,2100.000000000000000000,ujuno,2100
juno1st4ycazxxfkysva6ewyerd7ucss3hkk698v9kx,junovaloper1eqwz3j9cv7q3jjy2alzy02hy5amlqmacm0z65q,16262666.000000000000000000,ujuno,16262666
juno1sd2qqeykss2g6dgnrukszsg3vf55q8v030sw5e,junovaloper1eqwz3j9cv7q3jjy2alzy02hy5amlqmacm0z65q,2200.000000000000000000,ujuno,2200
juno1swqcn946mvgvfpup84msgjs96kx6yejfxwe5h6,junovaloper1eqwz3j9cv7q3jjy2alzy02hy5amlqmacm0z65q,51000000.000000000000000000,ujuno,51000000
juno1ss6rx8daaw8ryta5zxlk2rjq5ns85mqv2znxke,junovaloper1eqwz3j9cv7q3jjy2alzy02hy5amlqmacm0z65q,3529000.000000000000000000,ujuno,3529000
juno1s3a3jk43nrmpr4jt8mvsgpjr255ra8d7s65zjg,junovaloper1eqwz3j9cv7q3jjy2alzy02hy5amlqmacm0z65q,15943613.000000000000000000,ujuno,15943613
juno1sjx968h7jmfhfwfufq63mns0scmczn4zljtse7,junovaloper1eqwz3j9cv7q3jjy2alzy02hy5amlqmacm0z65q,20000000.000000000000000000,ujuno,20000000
juno1snvqhdamestsf96aqfyrrd8rqm2j0gzn3mn3er,junovaloper1eqwz3j9cv7q3jjy2alzy02hy5amlqmacm0z65q,51300000.000000000000000000,ujuno,51300000
juno1snjkty0at5er8mraalhey0lc5hjwynhha63yst,junovaloper1eqwz3j9cv7q3jjy2alzy02hy5amlqmacm0z65q,2850000.000000000000000000,ujuno,2850000
juno1s5f9ezcqj6euemwxt2d66cefj2yrl76gcq0tpj,junovaloper1eqwz3j9cv7q3jjy2alzy02hy5amlqmacm0z65q,20000000.000000000000000000,ujuno,20000000
juno1s6elekqxskshhe7xppdr56qeeph0xamlrf4uef,junovaloper1eqwz3j9cv7q3jjy2alzy02hy5amlqmacm0z65q,27798000.000000000000000000,ujuno,27798000
juno1smg3akfq0gurjfhr0g370ns2l2f9elyfjxeecg,junovaloper1eqwz3j9cv7q3jjy2alzy02hy5amlqmacm0z65q,5300000.000000000000000000,ujuno,5300000
juno1su6usn47v83a0t63xt5g7nkfut7ygj239e3r8l,junovaloper1eqwz3j9cv7q3jjy2alzy02hy5amlqmacm0z65q,34273750.000000000000000000,ujuno,34273750
juno1s76z7jrt7ss8amaat3wdml3ulpwgde4e25fksq,junovaloper1eqwz3j9cv7q3jjy2alzy02hy5amlqmacm0z65q,100000.000000000000000000,ujuno,100000
juno13qxr8lmdrn0t9yvd55nal9thuv9ff9ae426jm6,junovaloper1eqwz3j9cv7q3jjy2alzy02hy5amlqmacm0z65q,1290.000000000000000000,ujuno,1290
juno13z3vjznhvys9454a8x6r3q86zt7jvu3qnyy2jw,junovaloper1eqwz3j9cv7q3jjy2alzy02hy5amlqmacm0z65q,2000.000000000000000000,ujuno,2000
juno13ymxyzd3uah56j79uk54zq5mf270ahecmq3hns,junovaloper1eqwz3j9cv7q3jjy2alzy02hy5amlqmacm0z65q,40000000.000000000000000000,ujuno,40000000
juno13ft8q26aun3l3egaf8qur6vchyacxj7ps8fe83,junovaloper1eqwz3j9cv7q3jjy2alzy02hy5amlqmacm0z65q,1019050.000000000000000000,ujuno,1019050
juno13tg9avu5zk3uk5ertwwr78n0dsn4yn68c0y53x,junovaloper1eqwz3j9cv7q3jjy2alzy02hy5amlqmacm0z65q,15010000.000000000000000000,ujuno,15010000
juno13twskezg2sc7ka5k9849t0lcxdqklc5kv7lcql,junovaloper1eqwz3j9cv7q3jjy2alzy02hy5amlqmacm0z65q,1100.000000000000000000,ujuno,1100
juno13w20qxjg6wgkj04jznnvs8jlhspp9nfnzcekfe,junovaloper1eqwz3j9cv7q3jjy2alzy02hy5amlqmacm0z65q,8968.000000000000000000,ujuno,8968
juno135rj6ky36cp7gck2la6sndkkjznrx7f0wpu9um,junovaloper1eqwz3j9cv7q3jjy2alzy02hy5amlqmacm0z65q,1620000.000000000000000000,ujuno,1620000
juno134rxfa997fjlxq0zk4sc2pz05h32dv3rmhusct,junovaloper1eqwz3j9cv7q3jjy2alzy02hy5amlqmacm0z65q,20000000.000000000000000000,ujuno,20000000
juno13hdj94003caenjll3mrpr3x00l2px608sw7uyk,junovaloper1eqwz3j9cv7q3jjy2alzy02hy5amlqmacm0z65q,1500000.000000000000000000,ujuno,1500000
juno13ezy7a6gaqcpgzx5tqe89shrwwlqrd8dxwle9q,junovaloper1eqwz3j9cv7q3jjy2alzy02hy5amlqmacm0z65q,27710013.000000000000000000,ujuno,27710013
juno1369teyxrshjqe3fp6ku5dxuwv99nzu85nwqx4a,junovaloper1eqwz3j9cv7q3jjy2alzy02hy5amlqmacm0z65q,13776894.000000000000000000,ujuno,13776894
juno1367n2h2pzk4mchu475ydgw5k758q4mn2ltwr3e,junovaloper1eqwz3j9cv7q3jjy2alzy02hy5amlqmacm0z65q,10000000.000000000000000000,ujuno,10000000
juno13ugmpjgtpzqfmgz0835teyjycvhv266r588ess,junovaloper1eqwz3j9cv7q3jjy2alzy02hy5amlqmacm0z65q,1200000.000000000000000000,ujuno,1200000
juno13apt39h3qpw7gyyq8dy3m32jsrzlwmfl6vzus2,junovaloper1eqwz3j9cv7q3jjy2alzy02hy5amlqmacm0z65q,1000.000000000000000000,ujuno,1000
juno137jtvhmhjvjhe4vlcxd9u0m4vkvummr9ffhf0w,junovaloper1eqwz3j9cv7q3jjy2alzy02hy5amlqmacm0z65q,1000000.000000000000000000,ujuno,1000000
juno13lm3s2ddurvtmd8lg5kppr55wwrjq3q9r8fdsg,junovaloper1eqwz3j9cv7q3jjy2alzy02hy5amlqmacm0z65q,25000000.000000000000000000,ujuno,25000000
juno1jq28sdk3s4nq08lazkae4wxj7f9w6v3st6jv4z,junovaloper1eqwz3j9cv7q3jjy2alzy02hy5amlqmacm0z65q,1100.000000000000000000,ujuno,1100
juno1jq7pe5teuw0yuajkdm26zfgdr4cmzneefyzcu9,junovaloper1eqwz3j9cv7q3jjy2alzy02hy5amlqmacm0z65q,5000000.000000000000000000,ujuno,5000000
juno1jfmd7sh8jk7wvz073fcduwuqt2zk6u4qfq652q,junovaloper1eqwz3j9cv7q3jjy2alzy02hy5amlqmacm0z65q,5000000.000000000000000000,ujuno,5000000
juno1jvtgspsdw4hrz2et07ayhxrgjvmw0rzdnl5evp,junovaloper1eqwz3j9cv7q3jjy2alzy02hy5amlqmacm0z65q,7000000.000000000000000000,ujuno,7000000
juno1jvdcstufwcr7srqg9q65dk54qenq598spgwxax,junovaloper1eqwz3j9cv7q3jjy2alzy02hy5amlqmacm0z65q,94000000.000000000000000000,ujuno,94000000
juno1j0ga6z0t2u6gg06gl8u2slxpj36e2pewjn4s27,junovaloper1eqwz3j9cv7q3jjy2alzy02hy5amlqmacm0z65q,4000000.000000000000000000,ujuno,4000000
juno1j0hdhj5vslvxnq96yl7z6vj07ugtanjhgsq2ej,junovaloper1eqwz3j9cv7q3jjy2alzy02hy5amlqmacm0z65q,15450000.000000000000000000,ujuno,15450000
juno1js2sytlnx6ykqz353t29nqafz0fs3pz8f24685,junovaloper1eqwz3j9cv7q3jjy2alzy02hy5amlqmacm0z65q,20000000.000000000000000000,ujuno,20000000
juno1js7wg4x3ez43zw4xsr7wkh6kh08uvzjr7tdl25,junovaloper1eqwz3j9cv7q3jjy2alzy02hy5amlqmacm0z65q,1010000.000000000000000000,ujuno,1010000
juno1jjxx5qkf3hymg0x9pszafh93pyrne9xh06v49l,junovaloper1eqwz3j9cv7q3jjy2alzy02hy5amlqmacm0z65q,100.000000000000000000,ujuno,100
juno1jj56p8hvg59mrexvl7j4qh8aw5qlw6k5ns0jq5,junovaloper1eqwz3j9cv7q3jjy2alzy02hy5amlqmacm0z65q,40314685.000000000000000000,ujuno,40314685
juno1jeulgq6f4ach0nps9g8ezhn6aqxqrsrv0agdsq,junovaloper1eqwz3j9cv7q3jjy2alzy02hy5amlqmacm0z65q,20020000.000000000000000000,ujuno,20020000
juno1jlvxjuxrmfjw5wrf5dkmhaje295j5zz7wzs4zk,junovaloper1eqwz3j9cv7q3jjy2alzy02hy5amlqmacm0z65q,9920000.000000000000000000,ujuno,9920000
juno1nqq5ukc0alqxhvla2kk9xffh5wfwl2zh8myw9n,junovaloper1eqwz3j9cv7q3jjy2alzy02hy5amlqmacm0z65q,10000000.000000000000000000,ujuno,10000000
juno1npk80nj58ufte5elg2d7eu5mpvxhrnqka65n4j,junovaloper1eqwz3j9cv7q3jjy2alzy02hy5amlqmacm0z65q,7458733.000000000000000000,ujuno,7458733
juno1nz0szznjs6xp6y96qprcye5me5u09qpcs6zugu,junovaloper1eqwz3j9cv7q3jjy2alzy02hy5amlqmacm0z65q,5000000.000000000000000000,ujuno,5000000
juno1nyp0cmrffep9ntzk2zlyyxjj42cwsxsykzstg7,junovaloper1eqwz3j9cv7q3jjy2alzy02hy5amlqmacm0z65q,5000000.000000000000000000,ujuno,5000000
juno1nxgndqalwzsdhzshtyp6wv7zewt46f44tnppkm,junovaloper1eqwz3j9cv7q3jjy2alzy02hy5amlqmacm0z65q,100000.000000000000000000,ujuno,100000
juno1nfl4mkc0xglpxmsnzu35cd6x3ptnkkc7r7kgs6,junovaloper1eqwz3j9cv7q3jjy2alzy02hy5amlqmacm0z65q,100000000.000000000000000000,ujuno,100000000
juno1ntr454d4w024vmcylmspc4039tw589dkn9y3wz,junovaloper1eqwz3j9cv7q3jjy2alzy02hy5amlqmacm0z65q,10000000.000000000000000000,ujuno,10000000
juno1ntv4dgtavc0l5rnv3rz27mglrm6y0zj3q76wx9,junovaloper1eqwz3j9cv7q3jjy2alzy02hy5amlqmacm0z65q,10222000.000000000000000000,ujuno,10222000
juno1nvt4vp5z0qz9lrfqr85mxsy7juf9ce08ala0k4,junovaloper1eqwz3j9cv7q3jjy2alzy02hy5amlqmacm0z65q,3500000.000000000000000000,ujuno,3500000
juno1nsjc30t8ucz9a7uhzhway9950htpgctcwqagh5,junovaloper1eqwz3j9cv7q3jjy2alzy02hy5amlqmacm0z65q,11000000.000000000000000000,ujuno,11000000
juno1n3q0le4kazjhw8jzwm7a3srp5sjce4lw85zc4v,junovaloper1eqwz3j9cv7q3jjy2alzy02hy5amlqmacm0z65q,67157330.000000000000000000,ujuno,67157330
juno1n32s0wdnlawpk9el0akqhrqatcxsw8tkymcnt2,junovaloper1eqwz3j9cv7q3jjy2alzy02hy5amlqmacm0z65q,500000.000000000000000000,ujuno,500000
juno1nnarsp29ntj67fgzglmx48s4utf0ws387ggp4u,junovaloper1eqwz3j9cv7q3jjy2alzy02hy5amlqmacm0z65q,1621223402.000000000000000000,ujuno,1621223402
juno1n5pkd40zgtaax0yh3ragg4l7lad73u2gz5cthk,junovaloper1eqwz3j9cv7q3jjy2alzy02hy5amlqmacm0z65q,322000.000000000000000000,ujuno,322000
juno1n4ldju4nd65uac55mtyqhppk9zxmxj4q574fvr,junovaloper1eqwz3j9cv7q3jjy2alzy02hy5amlqmacm0z65q,156900000.000000000000000000,ujuno,156900000
juno1nhpkxr9s4efr64zea4az6h7c6767a49yl78ucm,junovaloper1eqwz3j9cv7q3jjy2alzy02hy5amlqmacm0z65q,50000000.000000000000000000,ujuno,50000000
juno1ncus6prmh83yf5vwtxaf9qnaksckfk7nw5wwjk,junovaloper1eqwz3j9cv7q3jjy2alzy02hy5amlqmacm0z65q,1076000000.000000000000000000,ujuno,1076000000
juno1nmjsarrzk3d39y6xltadmq4c20pq0jw6tqgt0f,junovaloper1eqwz3j9cv7q3jjy2alzy02hy5amlqmacm0z65q,12000000.000000000000000000,ujuno,12000000
juno1nungjuwptg8uwlnyzjxpln622ewu2geyc8mu9v,junovaloper1eqwz3j9cv7q3jjy2alzy02hy5amlqmacm0z65q,18171125.000000000000000000,ujuno,18171125
juno15yedthnqs886d9qlxte5yttewazncr99j35ecl,junovaloper1eqwz3j9cv7q3jjy2alzy02hy5amlqmacm0z65q,20600000.000000000000000000,ujuno,20600000
juno15xy3e9h3x052wn7ja7hl39u5sgv7zzu5hljff4,junovaloper1eqwz3j9cv7q3jjy2alzy02hy5amlqmacm0z65q,1001000.000000000000000000,ujuno,1001000
juno15x93e57wtxdma2lchstvdumzq5hdsp0q0senu0,junovaloper1eqwz3j9cv7q3jjy2alzy02hy5amlqmacm0z65q,700000.000000000000000000,ujuno,700000
juno15x8l0x3c3f6xwxkknfaeeh75w6ecwcg9xvd2pd,junovaloper1eqwz3j9cv7q3jjy2alzy02hy5amlqmacm0z65q,10200000.000000000000000000,ujuno,10200000
juno15xgvdwj8nyl56v5gjhhw84nrunc3k2npgqdlas,junovaloper1eqwz3j9cv7q3jjy2alzy02hy5amlqmacm0z65q,1000000.000000000000000000,ujuno,1000000
juno158zkajg4t4gztam22k83w559m8qsd5l8d7rrzw,junovaloper1eqwz3j9cv7q3jjy2alzy02hy5amlqmacm0z65q,1033645.000000000000000000,ujuno,1033645
juno158vp6dq4s8ruemwupl0fk8adz6umg2zk9pmans,junovaloper1eqwz3j9cv7q3jjy2alzy02hy5amlqmacm0z65q,453.000000000000000000,ujuno,453
juno158ddh954pzt3etjh0yqe8lp7ax0pz6pc2ppn8c,junovaloper1eqwz3j9cv7q3jjy2alzy02hy5amlqmacm0z65q,13555739.000000000000000000,ujuno,13555739
juno158k455lcxhrvvmrfu8m4c6g88fc2qgqqjcaf9z,junovaloper1eqwz3j9cv7q3jjy2alzy02hy5amlqmacm0z65q,18300000.000000000000000000,ujuno,18300000
juno15g3jc66vjm6jx8k45unzhscqsr8k6dr8svz9yx,junovaloper1eqwz3j9cv7q3jjy2alzy02hy5amlqmacm0z65q,108000000.000000000000000000,ujuno,108000000
juno15tk5lzt82dgc637kw9hnnl4l6ynaknzhcaszxy,junovaloper1eqwz3j9cv7q3jjy2alzy02hy5amlqmacm0z65q,15000000.000000000000000000,ujuno,15000000
juno15t6d6dj89aap55a5uzsefqukd2hajspctths08,junovaloper1eqwz3j9cv7q3jjy2alzy02hy5amlqmacm0z65q,9032316.000000000000000000,ujuno,9032316
juno15vdwkj78r2kaujege9tf34rmsjqkcpfneqcer2,junovaloper1eqwz3j9cv7q3jjy2alzy02hy5amlqmacm0z65q,15030913.000000000000000000,ujuno,15030913
juno15dylazr3l55w7jz9s35yp9adt8v3g5arnud89w,junovaloper1eqwz3j9cv7q3jjy2alzy02hy5amlqmacm0z65q,40123453.000000000000000000,ujuno,40123453
juno15st3d5ud7urg4kgl7zf9x96ljwe3l2a294a6gy,junovaloper1eqwz3j9cv7q3jjy2alzy02hy5amlqmacm0z65q,8000000.000000000000000000,ujuno,8000000
juno15jf3qncg9p69629rxanqzzuq8tn3fnxuuur8sw,junovaloper1eqwz3j9cv7q3jjy2alzy02hy5amlqmacm0z65q,30663.000000000000000000,ujuno,30663
juno15ncsssyks98mg4dpnv6wc7ljqqa74rxqqm8dqj,junovaloper1eqwz3j9cv7q3jjy2alzy02hy5amlqmacm0z65q,150000000.000000000000000000,ujuno,150000000
juno1550c0zq7yky2lxane8twg499jw9avlrcujt0kr,junovaloper1eqwz3j9cv7q3jjy2alzy02hy5amlqmacm0z65q,1001462.000000000000000000,ujuno,1001462
juno1557gs9exec0v3kmz4ap67l2ss955texn0aeusx,junovaloper1eqwz3j9cv7q3jjy2alzy02hy5amlqmacm0z65q,22729164.000000000000000000,ujuno,22729164
juno154p3pnmm7q7kxj4mlmczsh2uqnxlwdlyldrd9c,junovaloper1eqwz3j9cv7q3jjy2alzy02hy5amlqmacm0z65q,1100.000000000000000000,ujuno,1100
juno154r7tqemjr23jg5a46kkl44m3jeg0sj30yaut5,junovaloper1eqwz3j9cv7q3jjy2alzy02hy5amlqmacm0z65q,35000000.000000000000000000,ujuno,35000000
juno1547njh66e7dngsmxv8dn67d8naqz0l8fffnsj3,junovaloper1eqwz3j9cv7q3jjy2alzy02hy5amlqmacm0z65q,4065065.000000000000000000,ujuno,4065065
juno15etd4t9380mvfpslrfty4v2257f4lfrr52jgve,junovaloper1eqwz3j9cv7q3jjy2alzy02hy5amlqmacm0z65q,3230688575.000000000000000000,ujuno,3230688575
juno156f80sv39ukp5803807lm4vupcc5mgdh2hv8zm,junovaloper1eqwz3j9cv7q3jjy2alzy02hy5amlqmacm0z65q,10010000.000000000000000000,ujuno,10010000
juno156kuw4y732m923cm7ufq598kkz8tpagy80jedr,junovaloper1eqwz3j9cv7q3jjy2alzy02hy5amlqmacm0z65q,5000000.000000000000000000,ujuno,5000000
juno1567r26cnr589xxl28ldlq3fnqa9t3wlfwz459m,junovaloper1eqwz3j9cv7q3jjy2alzy02hy5amlqmacm0z65q,7950.000000000000000000,ujuno,7950
juno15mux4ujl3lys3xp37uzvzcj9lxrx9hu7wzk82e,junovaloper1eqwz3j9cv7q3jjy2alzy02hy5amlqmacm0z65q,9100000.000000000000000000,ujuno,9100000
juno15aqyjur2u7nnsgrwe5mj6n8h2tulyqxk5vff7g,junovaloper1eqwz3j9cv7q3jjy2alzy02hy5amlqmacm0z65q,103000.000000000000000000,ujuno,103000
juno15ahhm0wa294lark7vp4cmx7z9qmjw7m53k8j2r,junovaloper1eqwz3j9cv7q3jjy2alzy02hy5amlqmacm0z65q,2300.000000000000000000,ujuno,2300
juno14qty2ka4906c8g2ge3t2zs4gt5sh8tx5et323d,junovaloper1eqwz3j9cv7q3jjy2alzy02hy5amlqmacm0z65q,6412266.000000000000000000,ujuno,6412266
juno14qtv6z8cr4d5qwfvfy9d4yc7k46ry6vllzdsh5,junovaloper1eqwz3j9cv7q3jjy2alzy02hy5amlqmacm0z65q,500000.000000000000000000,ujuno,500000
juno14pq833zjdymagh9eh2flzefx59hec6h527ueqj,junovaloper1eqwz3j9cv7q3jjy2alzy02hy5amlqmacm0z65q,31000000.000000000000000000,ujuno,31000000
juno14rz77fpev595rn4hjfd2k6d7r9p7n6hatzfh3c,junovaloper1eqwz3j9cv7q3jjy2alzy02hy5amlqmacm0z65q,5000000.000000000000000000,ujuno,5000000
juno14ytv3wm2wyaa3hw78rtsks95ffneftvtlm3emq,junovaloper1eqwz3j9cv7q3jjy2alzy02hy5amlqmacm0z65q,32369572.000000000000000000,ujuno,32369572
juno14yez44sed37zaanj3p508gst80m3awapq6rl8p,junovaloper1eqwz3j9cv7q3jjy2alzy02hy5amlqmacm0z65q,5100000.000000000000000000,ujuno,5100000
juno1493he8w6gp6ku6mgkj9ujx95653n9uytcxjwk9,junovaloper1eqwz3j9cv7q3jjy2alzy02hy5amlqmacm0z65q,1923000000.000000000000000000,ujuno,1923000000
juno149cau2kdqd3vx2p8kqz3wy32wjejxzcxssvhlt,junovaloper1eqwz3j9cv7q3jjy2alzy02hy5amlqmacm0z65q,868112.000000000000000000,ujuno,868112
juno149m3upy6hf6s5xn9hz5djvrlmgjsm7hyvq97xq,junovaloper1eqwz3j9cv7q3jjy2alzy02hy5amlqmacm0z65q,2000000.000000000000000000,ujuno,2000000
juno14x5uyktdzp9579r8xh3h9r85z6rnvajrsn5ju9,junovaloper1eqwz3j9cv7q3jjy2alzy02hy5amlqmacm0z65q,7010000.000000000000000000,ujuno,7010000
juno148femx8zsf726gw2772usvwfe6yysm2zqdguna,junovaloper1eqwz3j9cv7q3jjy2alzy02hy5amlqmacm0z65q,7896644.000000000000000000,ujuno,7896644
juno14gaqrkf78ve7j9zvau8ak7qukuchxu02c68dtp,junovaloper1eqwz3j9cv7q3jjy2alzy02hy5amlqmacm0z65q,2020425.000000000000000000,ujuno,2020425
juno142wtvqy7lfncdrnxnqqu4cr3la5v60dskhcuft,junovaloper1eqwz3j9cv7q3jjy2alzy02hy5amlqmacm0z65q,11000000.000000000000000000,ujuno,11000000
juno14dstx20vgfxuvskknnygkmhvwptvqf325v78e9,junovaloper1eqwz3j9cv7q3jjy2alzy02hy5amlqmacm0z65q,1100.000000000000000000,ujuno,1100
juno14dnhr6z2avz6fpwxs8f4au6rpu7uc96ng4wan8,junovaloper1eqwz3j9cv7q3jjy2alzy02hy5amlqmacm0z65q,13945817.000000000000000000,ujuno,13945817
juno14d5l3v3tc3uqtygkwhcya6u344rs2gj788elh3,junovaloper1eqwz3j9cv7q3jjy2alzy02hy5amlqmacm0z65q,12340000.000000000000000000,ujuno,12340000
juno14wud2eqz2efg5khnkg8xunnj3fyc6k9a8cz54r,junovaloper1eqwz3j9cv7q3jjy2alzy02hy5amlqmacm0z65q,28800000.000000000000000000,ujuno,28800000
juno140yjn5jfa5u4t3q4ar6589saqpd9wg7ddldnzd,junovaloper1eqwz3j9cv7q3jjy2alzy02hy5amlqmacm0z65q,202749000.000000000000000000,ujuno,202749000
juno1404zxd8qq40wgv2hrzsxak82f9phydeyne4znz,junovaloper1eqwz3j9cv7q3jjy2alzy02hy5amlqmacm0z65q,100000000.000000000000000000,ujuno,100000000
juno143qu647ukzl5pdmums2stgkzqcrv8evrvdfhdy,junovaloper1eqwz3j9cv7q3jjy2alzy02hy5amlqmacm0z65q,2055277.000000000000000000,ujuno,2055277
juno14nxjkl0q83s47h08cnmazklk8uwgesl62e8xjd,junovaloper1eqwz3j9cv7q3jjy2alzy02hy5amlqmacm0z65q,20000.000000000000000000,ujuno,20000
juno1445k4xr83tfpy9hdlre3rsc54rxzfw63kk0xmh,junovaloper1eqwz3j9cv7q3jjy2alzy02hy5amlqmacm0z65q,10003.000000000000000000,ujuno,10003
juno14kx0cffugf4u54hj97ym02prdgegxc85u5uj88,junovaloper1eqwz3j9cv7q3jjy2alzy02hy5amlqmacm0z65q,2000000.000000000000000000,ujuno,2000000
juno14khvd82d582zhns8nun04p8qje03zj36hk5kf9,junovaloper1eqwz3j9cv7q3jjy2alzy02hy5amlqmacm0z65q,2000000.000000000000000000,ujuno,2000000
juno14hpyds7vlezfpnjedzszksh3c70j3ld3mdqn86,junovaloper1eqwz3j9cv7q3jjy2alzy02hy5amlqmacm0z65q,2200000.000000000000000000,ujuno,2200000
juno14ux7ufwa7hjxl30sd7wfv7ka80nx3c7xa3vx46,junovaloper1eqwz3j9cv7q3jjy2alzy02hy5amlqmacm0z65q,200000.000000000000000000,ujuno,200000
juno14uw870pjx6vyasc9fu94vgf6w5mj9l2wtarrj9,junovaloper1eqwz3j9cv7q3jjy2alzy02hy5amlqmacm0z65q,25000000.000000000000000000,ujuno,25000000
juno14uspz2g94zhycf4m63w8wxms5jteh0es3kk67m,junovaloper1eqwz3j9cv7q3jjy2alzy02hy5amlqmacm0z65q,1000.000000000000000000,ujuno,1000
juno14u3waxq2zsmqrhtcl5fs5cq8j2ctt9newuav4d,junovaloper1eqwz3j9cv7q3jjy2alzy02hy5amlqmacm0z65q,5000000.000000000000000000,ujuno,5000000
juno1kqfjv53g7ll9u6ngvsu5l5nfv9ht24m4q4gdqz,junovaloper1eqwz3j9cv7q3jjy2alzy02hy5amlqmacm0z65q,100250000.000000000000000000,ujuno,100250000
juno1kxykphkk82x4pk5nzq2kq5f2r6n69k73vsff62,junovaloper1eqwz3j9cv7q3jjy2alzy02hy5amlqmacm0z65q,99300000.000000000000000000,ujuno,99300000
juno1k8zklwyxdq50aakvs2k0evavju3qflcats7fal,junovaloper1eqwz3j9cv7q3jjy2alzy02hy5amlqmacm0z65q,66000000.000000000000000000,ujuno,66000000
juno1k8g0vuc6jvh44k997fs9a8smhmj6cdf320ecyu,junovaloper1eqwz3j9cv7q3jjy2alzy02hy5amlqmacm0z65q,8000000.000000000000000000,ujuno,8000000
juno1kgfkh64a8lnavmc8gg4tnvzgnz9asjm4m967s0,junovaloper1eqwz3j9cv7q3jjy2alzy02hy5amlqmacm0z65q,3000000.000000000000000000,ujuno,3000000
juno1kg6vm65z8kwl3zwhra4kf2dzv23ytlp9ddv5yf,junovaloper1eqwz3j9cv7q3jjy2alzy02hy5amlqmacm0z65q,27045720.000000000000000000,ujuno,27045720
juno1k2r8j6zyfqylnu096h2m7t5enxtq8xmlyd4k8q,junovaloper1eqwz3j9cv7q3jjy2alzy02hy5amlqmacm0z65q,119500000.000000000000000000,ujuno,119500000
juno1k2apuqd3l4kungatuwn9uqnk02m2y2u2l255u2,junovaloper1eqwz3j9cv7q3jjy2alzy02hy5amlqmacm0z65q,25500000.000000000000000000,ujuno,25500000
juno1k2lclgr5ewtxxz9th0z4qy33u3zacrjzcaawru,junovaloper1eqwz3j9cv7q3jjy2alzy02hy5amlqmacm0z65q,11124546.000000000000000000,ujuno,11124546
juno1kvxdue0rfh5tymk4u9vr65erhn9p9j80687mp2,junovaloper1eqwz3j9cv7q3jjy2alzy02hy5amlqmacm0z65q,15000000.000000000000000000,ujuno,15000000
juno1kdt3yjxqtnrzea50harm6rglw3rxzh6rt97q0g,junovaloper1eqwz3j9cv7q3jjy2alzy02hy5amlqmacm0z65q,13506076.000000000000000000,ujuno,13506076
juno1kwuwr5tp5j3tjv9wyxpwyk0z8ntctmakmn8ham,junovaloper1eqwz3j9cv7q3jjy2alzy02hy5amlqmacm0z65q,14000000.000000000000000000,ujuno,14000000
juno1k0zvc9jr7wmnef3lhy83p0j06fqdw6fccr7qa8,junovaloper1eqwz3j9cv7q3jjy2alzy02hy5amlqmacm0z65q,1015518.000000000000000000,ujuno,1015518
juno1k0y2027ryam7538d4qxfjhh7vu70zh2pnvtvz7,junovaloper1eqwz3j9cv7q3jjy2alzy02hy5amlqmacm0z65q,8000000.000000000000000000,ujuno,8000000
juno1knumhy4er4ttpkgx9a3k8n5weezyust4wgmgps,junovaloper1eqwz3j9cv7q3jjy2alzy02hy5amlqmacm0z65q,110000000.000000000000000000,ujuno,110000000
juno1k5ptav0pnunu4p6080ldm296vxxvglp3affx8r,junovaloper1eqwz3j9cv7q3jjy2alzy02hy5amlqmacm0z65q,31000000.000000000000000000,ujuno,31000000
juno1k484fdw4f4sd63w5zgga2fvcacujncuna676m3,junovaloper1eqwz3j9cv7q3jjy2alzy02hy5amlqmacm0z65q,9350000.000000000000000000,ujuno,9350000
juno1kelu2qp9nkgzptzhp8nh4m3h4zsxfky8edw0r9,junovaloper1eqwz3j9cv7q3jjy2alzy02hy5amlqmacm0z65q,53000000.000000000000000000,ujuno,53000000
juno1k6sl0lp4tm2rz77dg9kqw865pjczp2pq956ega,junovaloper1eqwz3j9cv7q3jjy2alzy02hy5amlqmacm0z65q,5662045.000000000000000000,ujuno,5662045
juno1kuze2re6t38cmr25fplee9734a6svlze0wczef,junovaloper1eqwz3j9cv7q3jjy2alzy02hy5amlqmacm0z65q,100000000.000000000000000000,ujuno,100000000
juno1kuws5gq4l0q0h5y9l84qp9fdvvcezypf7suwyt,junovaloper1eqwz3j9cv7q3jjy2alzy02hy5amlqmacm0z65q,168135356.000000000000000000,ujuno,168135356
juno1kulf0rrqhcmer6s960gv62zccdy7h67lr20fe6,junovaloper1eqwz3j9cv7q3jjy2alzy02hy5amlqmacm0z65q,143959223.000000000000000000,ujuno,143959223
juno1kafta3ymwg3d4wk67hd7qr8lkpvdeh5q339y65,junovaloper1eqwz3j9cv7q3jjy2alzy02hy5amlqmacm0z65q,10000000.000000000000000000,ujuno,10000000
juno1kakwkdjup87h08cvt4unvkcgh4n4zqw4gr39ed,junovaloper1eqwz3j9cv7q3jjy2alzy02hy5amlqmacm0z65q,5011432.000000000000000000,ujuno,5011432
juno1hr02wwjd7t3qw9h7wl8zpv7rnnnsjz50t80702,junovaloper1eqwz3j9cv7q3jjy2alzy02hy5amlqmacm0z65q,51366306.000000000000000000,ujuno,51366306
juno1hru20dmpfqksrle6r0w45hdk649jv0ecr7qlml,junovaloper1eqwz3j9cv7q3jjy2alzy02hy5amlqmacm0z65q,10025970.000000000000000000,ujuno,10025970
juno1h9mp5u89vhdkhd28rqu86qc92pl6num99tqp9f,junovaloper1eqwz3j9cv7q3jjy2alzy02hy5amlqmacm0z65q,8000000.000000000000000000,ujuno,8000000
juno1h8njpglrpskcxfzpuvpgmedxvrzq0y6rkljtzr,junovaloper1eqwz3j9cv7q3jjy2alzy02hy5amlqmacm0z65q,40000000.000000000000000000,ujuno,40000000
juno1hf346tgndafee0nvfk4zxf2wn8gnfxe9ljj2al,junovaloper1eqwz3j9cv7q3jjy2alzy02hy5amlqmacm0z65q,50000.000000000000000000,ujuno,50000
juno1h2nzmpzy0zwtrls2pk9dlj7tmcjpt5cdvmdqw0,junovaloper1eqwz3j9cv7q3jjy2alzy02hy5amlqmacm0z65q,5000000.000000000000000000,ujuno,5000000
juno1ht0fjyqk45kvnvc80c7n7zetf9w25rgzdqsdmm,junovaloper1eqwz3j9cv7q3jjy2alzy02hy5amlqmacm0z65q,10180000.000000000000000000,ujuno,10180000
juno1hvhyrhf77s37kcnelzcppqftmz2g52qx62wnd8,junovaloper1eqwz3j9cv7q3jjy2alzy02hy5amlqmacm0z65q,2800000.000000000000000000,ujuno,2800000
juno1hvcf2lfe0ytypesqwq0eutnu8wpxmmrnlwg6vs,junovaloper1eqwz3j9cv7q3jjy2alzy02hy5amlqmacm0z65q,4500000.000000000000000000,ujuno,4500000
juno1h3fua2zazqcneep5r8efv4frwd58xf6z9z9r66,junovaloper1eqwz3j9cv7q3jjy2alzy02hy5amlqmacm0z65q,108812.000000000000000000,ujuno,108812
juno1h342gw40kgnp8dt85lhrc6k6wekmvwet08sx5x,junovaloper1eqwz3j9cv7q3jjy2alzy02hy5amlqmacm0z65q,100000.000000000000000000,ujuno,100000
juno1hjfjdmkk4mykp9sakpw788gs7zwe99hlhfn8kt,junovaloper1eqwz3j9cv7q3jjy2alzy02hy5amlqmacm0z65q,167000000.000000000000000000,ujuno,167000000
juno1hjtulywlyukvm3y6pnknhmyz68jmfuxyzvrqvz,junovaloper1eqwz3j9cv7q3jjy2alzy02hy5amlqmacm0z65q,69401636.000000000000000000,ujuno,69401636
juno1hne8g2pyw9zxc0w7f846h8lmagxkz2w6sf83d7,junovaloper1eqwz3j9cv7q3jjy2alzy02hy5amlqmacm0z65q,5000000.000000000000000000,ujuno,5000000
juno1hczj0kvfjq78a4k6x9wwyvfardfxggpnl6qgqn,junovaloper1eqwz3j9cv7q3jjy2alzy02hy5amlqmacm0z65q,3288731.000000000000000000,ujuno,3288731
juno1hcxmc3zxc3exggf0gx0hdd5sry3kvq8ntkkwyr,junovaloper1eqwz3j9cv7q3jjy2alzy02hy5amlqmacm0z65q,25000000.000000000000000000,ujuno,25000000
juno1hesxndu5y3fqtrzwd88paxphjwzaagrag2vdk9,junovaloper1eqwz3j9cv7q3jjy2alzy02hy5amlqmacm0z65q,41000000.000000000000000000,ujuno,41000000
juno1helpagr3gywp9u0tg5xcqk5kwhl499j6fq7qvu,junovaloper1eqwz3j9cv7q3jjy2alzy02hy5amlqmacm0z65q,2080000.000000000000000000,ujuno,2080000
juno1h6ma69cdpvunm9jl4gjkm5dapz67l29w0wywm9,junovaloper1eqwz3j9cv7q3jjy2alzy02hy5amlqmacm0z65q,14000000.000000000000000000,ujuno,14000000
juno1hmzk8ngj5zx4gxt80n8z72r50zxvlpk8kpqk6n,junovaloper1eqwz3j9cv7q3jjy2alzy02hy5amlqmacm0z65q,5000000.000000000000000000,ujuno,5000000
juno1hm2qdqukr03cw86v7t57kex9g32ue9kufepjm5,junovaloper1eqwz3j9cv7q3jjy2alzy02hy5amlqmacm0z65q,103000.000000000000000000,ujuno,103000
juno1hu7pm6az7qf722gfxpt0gmuyc8u0c2hd6da8zz,junovaloper1eqwz3j9cv7q3jjy2alzy02hy5amlqmacm0z65q,17700000.000000000000000000,ujuno,17700000
juno1h7g0svn3l2mat89gy6s6te9q9surtn93hdfgga,junovaloper1eqwz3j9cv7q3jjy2alzy02hy5amlqmacm0z65q,1100.000000000000000000,ujuno,1100
juno1cp6k78z8c2467gts94ctkhe9ej2pv3xf7mg69p,junovaloper1eqwz3j9cv7q3jjy2alzy02hy5amlqmacm0z65q,3160252.000000000000000000,ujuno,3160252
juno1czca80hkfhk90uvafffm7zwrs9gdu39c9f0kta,junovaloper1eqwz3j9cv7q3jjy2alzy02hy5amlqmacm0z65q,400000.000000000000000000,ujuno,400000
juno1c99krygvq3qpr4dtw7c5jdeey3rjuu46eqhf2f,junovaloper1eqwz3j9cv7q3jjy2alzy02hy5amlqmacm0z65q,100000000.000000000000000000,ujuno,100000000
juno1cx5djnq8gw8s9ep743paul05wxe4p4g7mu00l7,junovaloper1eqwz3j9cv7q3jjy2alzy02hy5amlqmacm0z65q,26741109.000000000000000000,ujuno,26741109
juno1c886k7f8x590dqw5uk8f79rrv9zpm5zg6aha5x,junovaloper1eqwz3j9cv7q3jjy2alzy02hy5amlqmacm0z65q,8765.000000000000000000,ujuno,8765
juno1c82lhunuytj4cj3uxr824z545l3ndes7wwsvmc,junovaloper1eqwz3j9cv7q3jjy2alzy02hy5amlqmacm0z65q,1000.000000000000000000,ujuno,1000
juno1cg03v0656hvqyf0mtm8eqxprr2ke34qxpqpffx,junovaloper1eqwz3j9cv7q3jjy2alzy02hy5amlqmacm0z65q,10704516.000000000000000000,ujuno,10704516
juno1c2zunjn7ynp7qtz0xf5j83pmgl9vwrx8kxsjvp,junovaloper1eqwz3j9cv7q3jjy2alzy02hy5amlqmacm0z65q,25000000.000000000000000000,ujuno,25000000
juno1c2w7sxnp423935c47zwv32rgmk2zmgt895q9zg,junovaloper1eqwz3j9cv7q3jjy2alzy02hy5amlqmacm0z65q,81056942.000000000000000000,ujuno,81056942
juno1c2sc7y6dhmv385k0u8du24n7w2cvptrl7d0ak4,junovaloper1eqwz3j9cv7q3jjy2alzy02hy5amlqmacm0z65q,90000.000000000000000000,ujuno,90000
juno1cd00477kc8yxny77rs7jpspw8uvczclmrf36ad,junovaloper1eqwz3j9cv7q3jjy2alzy02hy5amlqmacm0z65q,3095000.000000000000000000,ujuno,3095000
juno1cd4k5m0lnx0auevtaflehg5trf9nck3cpyu259,junovaloper1eqwz3j9cv7q3jjy2alzy02hy5amlqmacm0z65q,13670000.000000000000000000,ujuno,13670000
juno1cdlwrweuc3mxkzhx4wpnqll8pkruse58r3ll88,junovaloper1eqwz3j9cv7q3jjy2alzy02hy5amlqmacm0z65q,4000000.000000000000000000,ujuno,4000000
juno1c39egnwhlygrze3zke5pmm44e3jev3au7sukk7,junovaloper1eqwz3j9cv7q3jjy2alzy02hy5amlqmacm0z65q,10143776.000000000000000000,ujuno,10143776
juno1c362wx6uzfuncgm4t0rex675pzxq7nmp8mpafh,junovaloper1eqwz3j9cv7q3jjy2alzy02hy5amlqmacm0z65q,5000000.000000000000000000,ujuno,5000000
juno1cn4qh4jj0zyw6uspn62my4g6n9unw87ptc8r76,junovaloper1eqwz3j9cv7q3jjy2alzy02hy5amlqmacm0z65q,17000000.000000000000000000,ujuno,17000000
juno1c4nssp9ay26t56ccrc204nt9haxqg9k94yn87g,junovaloper1eqwz3j9cv7q3jjy2alzy02hy5amlqmacm0z65q,2000.000000000000000000,ujuno,2000
juno1c4cmz96r8u5cecky0wqnrp5hwf6y5vqglfmztp,junovaloper1eqwz3j9cv7q3jjy2alzy02hy5amlqmacm0z65q,10379996.000000000000000000,ujuno,10379996
juno1ch98t4ul80s0vjedddczd3jsurvm9xtvcpg2tv,junovaloper1eqwz3j9cv7q3jjy2alzy02hy5amlqmacm0z65q,15000000.000000000000000000,ujuno,15000000
juno1ch7xgjptr3e7fx89dwpvcsy973mkcdympgx7ev,junovaloper1eqwz3j9cv7q3jjy2alzy02hy5amlqmacm0z65q,1000000.000000000000000000,ujuno,1000000
juno1ccyn9rd6j2gxd0rpuxpq76n9lzejshwac68q32,junovaloper1eqwz3j9cv7q3jjy2alzy02hy5amlqmacm0z65q,4260000.000000000000000000,ujuno,4260000
juno1cavst58czeksnm7ckkp6hkd6t2e7cl77fcnfj8,junovaloper1eqwz3j9cv7q3jjy2alzy02hy5amlqmacm0z65q,9191.000000000000000000,ujuno,9191
juno1eqwz3j9cv7q3jjy2alzy02hy5amlqmacyj540e,junovaloper1eqwz3j9cv7q3jjy2alzy02hy5amlqmacm0z65q,10000000.000000000000000000,ujuno,10000000
juno1epm08h9lhzwrcm7n0c3fjwvfr0hf8aj4z0v2kd,junovaloper1eqwz3j9cv7q3jjy2alzy02hy5amlqmacm0z65q,11004209.000000000000000000,ujuno,11004209
juno1er8zll0w235kzpxpc9kaxfjgwtymqur3jr2nue,junovaloper1eqwz3j9cv7q3jjy2alzy02hy5amlqmacm0z65q,8000000.000000000000000000,ujuno,8000000
juno1erkch362f5l9vysy7xvn2gdr0wx63a5j59whyx,junovaloper1eqwz3j9cv7q3jjy2alzy02hy5amlqmacm0z65q,5150000.000000000000000000,ujuno,5150000
juno1eyg3l05gnmwlnsuvggwgffflvx0zfcm8krezzm,junovaloper1eqwz3j9cv7q3jjy2alzy02hy5amlqmacm0z65q,3000000.000000000000000000,ujuno,3000000
juno1e9uy2hcanvfvmnhf97gpmpmlnqnn2hp4tm0jf8,junovaloper1eqwz3j9cv7q3jjy2alzy02hy5amlqmacm0z65q,1000.000000000000000000,ujuno,1000
juno1egy95hrs5jsq6s5xwdlemg3l2k9ycd2rjnrxnm,junovaloper1eqwz3j9cv7q3jjy2alzy02hy5amlqmacm0z65q,51700000.000000000000000000,ujuno,51700000
juno1efxxdtjnq0g0v6hlstk636efr8a3ky5csdzvls,junovaloper1eqwz3j9cv7q3jjy2alzy02hy5amlqmacm0z65q,6084830.000000000000000000,ujuno,6084830
juno1efkr049k8enwqhsup89fhtx6lq66f34nlwjgjz,junovaloper1eqwz3j9cv7q3jjy2alzy02hy5amlqmacm0z65q,11670000.000000000000000000,ujuno,11670000
juno1edzxtql7a50z2pzz60egmmflvm90x5f09gq7ew,junovaloper1eqwz3j9cv7q3jjy2alzy02hy5amlqmacm0z65q,40000000.000000000000000000,ujuno,40000000
juno1ed5skh36xhtsa6v998kq6ewcysg3aeundztue4,junovaloper1eqwz3j9cv7q3jjy2alzy02hy5amlqmacm0z65q,31000000.000000000000000000,ujuno,31000000
juno1e0a34qu94uzfk8ym524ldkh4cdf2z8jvncex0p,junovaloper1eqwz3j9cv7q3jjy2alzy02hy5amlqmacm0z65q,103000.000000000000000000,ujuno,103000
juno1escqpek90562wyejn9t434m4w9u5th6w7hyeet,junovaloper1eqwz3j9cv7q3jjy2alzy02hy5amlqmacm0z65q,10090000.000000000000000000,ujuno,10090000
juno1e3kfcefaakzm8rxj3yekyytssyxq477w0v5se0,junovaloper1eqwz3j9cv7q3jjy2alzy02hy5amlqmacm0z65q,27965640.000000000000000000,ujuno,27965640
juno1e3l65t0pnlpfafcjwuw8lqkxvgsyla6kqnze2h,junovaloper1eqwz3j9cv7q3jjy2alzy02hy5amlqmacm0z65q,50000000.000000000000000000,ujuno,50000000
juno1e5jprrmun9t7tuuk9qf3s7nu3mg6yq72teptkz,junovaloper1eqwz3j9cv7q3jjy2alzy02hy5amlqmacm0z65q,124000000.000000000000000000,ujuno,124000000
juno1e495uzepkxmkfqvkpnkjzm0mmxeqtmn6ylmadr,junovaloper1eqwz3j9cv7q3jjy2alzy02hy5amlqmacm0z65q,20000000.000000000000000000,ujuno,20000000
juno1eh8v9t27tmsu669qnjqaujfk0pwahjgv4r4c5n,junovaloper1eqwz3j9cv7q3jjy2alzy02hy5amlqmacm0z65q,42240000.000000000000000000,ujuno,42240000
juno1emeg5s0l604jwl00fjj75d935vn7z9uctd4gfy,junovaloper1eqwz3j9cv7q3jjy2alzy02hy5amlqmacm0z65q,25010000.000000000000000000,ujuno,25010000
juno1eusaavlm9utz2a7nec3sungv6llua3lz3pw0v5,junovaloper1eqwz3j9cv7q3jjy2alzy02hy5amlqmacm0z65q,1630750000.000000000000000000,ujuno,1630750000
juno1earj79se2rnus0ncz54xknu0zk3hxewagk2p9v,junovaloper1eqwz3j9cv7q3jjy2alzy02hy5amlqmacm0z65q,5050000.000000000000000000,ujuno,5050000
juno16qff8a0xma53nggwl9zj2g2sclu8kvgtkhumar,junovaloper1eqwz3j9cv7q3jjy2alzy02hy5amlqmacm0z65q,4184981.000000000000000000,ujuno,4184981
juno16qhw35wmzy6cuec86exhk04fs0dq5dfwj03ud0,junovaloper1eqwz3j9cv7q3jjy2alzy02hy5amlqmacm0z65q,10000.000000000000000000,ujuno,10000
juno16pyllqyq22wxc5yxms7rzw76fes4f9lxq42zku,junovaloper1eqwz3j9cv7q3jjy2alzy02hy5amlqmacm0z65q,5000000.000000000000000000,ujuno,5000000
juno16z5cack65ryg6j78avfy0dffwsj94vpxr3d2mn,junovaloper1eqwz3j9cv7q3jjy2alzy02hy5amlqmacm0z65q,9576.000000000000000000,ujuno,9576
juno16ymdma9flmvmh39eyke3zfngjy3ajhre20c796,junovaloper1eqwz3j9cv7q3jjy2alzy02hy5amlqmacm0z65q,25000000.000000000000000000,ujuno,25000000
juno16xrd33ndlndtlej3fkwnyls2jxkajstn6han5g,junovaloper1eqwz3j9cv7q3jjy2alzy02hy5amlqmacm0z65q,4500000.000000000000000000,ujuno,4500000
juno16x0hqek9ktltgqwfhtw5t40pwggne0wdhxgcrh,junovaloper1eqwz3j9cv7q3jjy2alzy02hy5amlqmacm0z65q,4597354018.000000000000000000,ujuno,4597354018
juno1624d37zzhx0p4de4rk6r32nf2sfysrzhw5zvfy,junovaloper1eqwz3j9cv7q3jjy2alzy02hy5amlqmacm0z65q,537469.000000000000000000,ujuno,537469
juno16wdcculyyk4wn0jlstl6sy6ant7r4chzc3g3jf,junovaloper1eqwz3j9cv7q3jjy2alzy02hy5amlqmacm0z65q,10000000.000000000000000000,ujuno,10000000
juno16wwnm0lsp3dvrkq6r5n68hrstrdg5k5nwus8ha,junovaloper1eqwz3j9cv7q3jjy2alzy02hy5amlqmacm0z65q,62864.000000000000000000,ujuno,62864
juno16sw3enjmxnfwuz46tfz9zfu8vh4kjay5msm62v,junovaloper1eqwz3j9cv7q3jjy2alzy02hy5amlqmacm0z65q,12218978.000000000000000000,ujuno,12218978
juno16jx83655usvn9d7pve3l370929ud982erfwvgf,junovaloper1eqwz3j9cv7q3jjy2alzy02hy5amlqmacm0z65q,57000000.000000000000000000,ujuno,57000000
juno16ngw89t5ehwyv3rkzj7hv5qy6lsxtgkl6axc34,junovaloper1eqwz3j9cv7q3jjy2alzy02hy5amlqmacm0z65q,4000000.000000000000000000,ujuno,4000000
juno165yrvz2lt572qe5dz9mltwjesrw2xltqv0aytx,junovaloper1eqwz3j9cv7q3jjy2alzy02hy5amlqmacm0z65q,30100000.000000000000000000,ujuno,30100000
juno16k9srundw6pva3nqwvp2f66ya5q8j0uxkmsdrz,junovaloper1eqwz3j9cv7q3jjy2alzy02hy5amlqmacm0z65q,22125495.000000000000000000,ujuno,22125495
juno16hdju8dkd4rgjw4gp6tcmex77k9wwyu4awaq5e,junovaloper1eqwz3j9cv7q3jjy2alzy02hy5amlqmacm0z65q,15092000.000000000000000000,ujuno,15092000
juno16h5rrwwhryr5utqtdaql0qrdxkxvc2xxpvpdvk,junovaloper1eqwz3j9cv7q3jjy2alzy02hy5amlqmacm0z65q,1000000.000000000000000000,ujuno,1000000
juno16erhqkh70vsksmsztu9594aclc4gp5tujymrcz,junovaloper1eqwz3j9cv7q3jjy2alzy02hy5amlqmacm0z65q,30000000.000000000000000000,ujuno,30000000
juno16e2ppfuazahdkfz8whmwasws744cdhlck5z5ww,junovaloper1eqwz3j9cv7q3jjy2alzy02hy5amlqmacm0z65q,39070050.000000000000000000,ujuno,39070050
juno16evckj0xuaq8e6vajpm94xehcqd6htppehxnww,junovaloper1eqwz3j9cv7q3jjy2alzy02hy5amlqmacm0z65q,25920000.000000000000000000,ujuno,25920000
juno166gwhp5xxf8gtfjkx0ajfqpa7e866klt4z6fkd,junovaloper1eqwz3j9cv7q3jjy2alzy02hy5amlqmacm0z65q,13000000.000000000000000000,ujuno,13000000
juno16mq9lwkz5mu7n45z5ecdtawp37lhcf6cyeqvg8,junovaloper1eqwz3j9cv7q3jjy2alzy02hy5amlqmacm0z65q,25249000.000000000000000000,ujuno,25249000
juno16ukg5735jk02uudq2nnyt99ctrlkkv9ucsk0pk,junovaloper1eqwz3j9cv7q3jjy2alzy02hy5amlqmacm0z65q,25000000.000000000000000000,ujuno,25000000
juno16l6pz9cg4fa7nsfmjdj80n94gae7nqr9qu7k3p,junovaloper1eqwz3j9cv7q3jjy2alzy02hy5amlqmacm0z65q,11350000.000000000000000000,ujuno,11350000
juno1mqwzx6asn8fltassvsnkgsqs75gl66jtmcv7es,junovaloper1eqwz3j9cv7q3jjy2alzy02hy5amlqmacm0z65q,100003008.000000000000000000,ujuno,100003008
juno1mz6n7exysj3554qfh88sf7z0sdem8yeqvjqds4,junovaloper1eqwz3j9cv7q3jjy2alzy02hy5amlqmacm0z65q,643827.000000000000000000,ujuno,643827
juno1m9t4zeu4ejqshdd876j7n0l03d3z96yzz3vf8y,junovaloper1eqwz3j9cv7q3jjy2alzy02hy5amlqmacm0z65q,50000000.000000000000000000,ujuno,50000000
juno1mxht37dxn23tf96ugh5wz79xwux7nalx4dz6r3,junovaloper1eqwz3j9cv7q3jjy2alzy02hy5amlqmacm0z65q,200000000.000000000000000000,ujuno,200000000
juno1mg9c8nf3h4lejfqvf2crqg2zdeekst670u8ay9,junovaloper1eqwz3j9cv7q3jjy2alzy02hy5amlqmacm0z65q,2012444.000000000000000000,ujuno,2012444
juno1ms0eyqrr30twt9u6m8ny02r0ctqmc2n7yshvqe,junovaloper1eqwz3j9cv7q3jjy2alzy02hy5amlqmacm0z65q,1175000.000000000000000000,ujuno,1175000
juno1m38x6h2jzn82xach3r3nrt3ycpuddyj0q9ha7r,junovaloper1eqwz3j9cv7q3jjy2alzy02hy5amlqmacm0z65q,50000000.000000000000000000,ujuno,50000000
juno1mjgs8u6r2pxuz2f3v09rs5fdf6t6nt8hp4exdy,junovaloper1eqwz3j9cv7q3jjy2alzy02hy5amlqmacm0z65q,10188200.000000000000000000,ujuno,10188200
juno1mjfhrlf489rhdp26pvt5n8e0sg4l902g70qtyc,junovaloper1eqwz3j9cv7q3jjy2alzy02hy5amlqmacm0z65q,135437023.000000000000000000,ujuno,135437023
juno1m40992amwfxzh4v33kmt5l37akm8q9w2csdcds,junovaloper1eqwz3j9cv7q3jjy2alzy02hy5amlqmacm0z65q,5000000.000000000000000000,ujuno,5000000
juno1mecveffwwp5lc5q45uszajguwzptlpnnzsmjdt,junovaloper1eqwz3j9cv7q3jjy2alzy02hy5amlqmacm0z65q,467.000000000000000000,ujuno,467
juno1mm8wfyyfa929qfsn80wp2ua6678xa5wlehsl2d,junovaloper1eqwz3j9cv7q3jjy2alzy02hy5amlqmacm0z65q,10020000.000000000000000000,ujuno,10020000
juno1m7a7nva00p82xr0tssye052r8sxsxvcy2v5qz6,junovaloper1eqwz3j9cv7q3jjy2alzy02hy5amlqmacm0z65q,2000000000.000000000000000000,ujuno,2000000000
juno1upqjk6tsfdyhkgjm7lnpeeqzlvr5vzwpqj5dq4,junovaloper1eqwz3j9cv7q3jjy2alzy02hy5amlqmacm0z65q,3750.000000000000000000,ujuno,3750
juno1up7p4uhgzfzrk6fnqjes0wty9rv7q0yxzuw4zm,junovaloper1eqwz3j9cv7q3jjy2alzy02hy5amlqmacm0z65q,10690000.000000000000000000,ujuno,10690000
juno1uz38eqfn2ug9v79a5dke0ssc3p78t7glwctrts,junovaloper1eqwz3j9cv7q3jjy2alzy02hy5amlqmacm0z65q,4770000.000000000000000000,ujuno,4770000
juno1uzulg3855uachqzcgmt477vd47ugc8fwdxh3m5,junovaloper1eqwz3j9cv7q3jjy2alzy02hy5amlqmacm0z65q,30890000.000000000000000000,ujuno,30890000
juno1uyphdztvh3r4jv23utrht7qtgf0ref34wh98ak,junovaloper1eqwz3j9cv7q3jjy2alzy02hy5amlqmacm0z65q,27713008.000000000000000000,ujuno,27713008
juno1uy3efc0t599rsemaars94ve0x6m80fgc0l7q3k,junovaloper1eqwz3j9cv7q3jjy2alzy02hy5amlqmacm0z65q,26000000.000000000000000000,ujuno,26000000
juno1u9d7jp6anxnalxf56w7gr73w2e2smj9h5na800,junovaloper1eqwz3j9cv7q3jjy2alzy02hy5amlqmacm0z65q,50000000.000000000000000000,ujuno,50000000
juno1u9ctyzs6gqlfh8368yd2nzmsg6wzx8p9n8l0mn,junovaloper1eqwz3j9cv7q3jjy2alzy02hy5amlqmacm0z65q,105976796.000000000000000000,ujuno,105976796
juno1u8rxy9lupqw2kjnqsf4xq73e9xjntr3n7fgg28,junovaloper1eqwz3j9cv7q3jjy2alzy02hy5amlqmacm0z65q,100000000.000000000000000000,ujuno,100000000
juno1u8anwhkhry0yw40yq46unnczhumz2kvfcl2mzy,junovaloper1eqwz3j9cv7q3jjy2alzy02hy5amlqmacm0z65q,10000000.000000000000000000,ujuno,10000000
juno1ugpavrmxskjt4kkzf4eqgkdrrurng7frqpxw8r,junovaloper1eqwz3j9cv7q3jjy2alzy02hy5amlqmacm0z65q,57887129.000000000000000000,ujuno,57887129
juno1ufppyphwfwlhxft05fuj0206kq9fheslw965v9,junovaloper1eqwz3j9cv7q3jjy2alzy02hy5amlqmacm0z65q,11000000.000000000000000000,ujuno,11000000
juno1uwz96qfcuujcc74l3fs3gtyy8plrw2anydl73j,junovaloper1eqwz3j9cv7q3jjy2alzy02hy5amlqmacm0z65q,24284448608.000000000000000000,ujuno,24284448608
juno1u5ydd92hf36kj769s9h04kza3qthc9s8z0urtd,junovaloper1eqwz3j9cv7q3jjy2alzy02hy5amlqmacm0z65q,23000000.000000000000000000,ujuno,23000000
juno1uaux0dl3gh40y9czng2eqn2d52uu8afvx3cpsn,junovaloper1eqwz3j9cv7q3jjy2alzy02hy5amlqmacm0z65q,25000000.000000000000000000,ujuno,25000000
juno1u7d52hg38l3fyyv5dyxewzk5jvepgnrmflvcu2,junovaloper1eqwz3j9cv7q3jjy2alzy02hy5amlqmacm0z65q,5999999.000000000000000000,ujuno,5999999
juno1uley28tzchudqcpwsh24ntr44ckl9jwllxl3au,junovaloper1eqwz3j9cv7q3jjy2alzy02hy5amlqmacm0z65q,3048502.000000000000000000,ujuno,3048502
juno1ul6dz9wez5xctu3mjcqzlp2e4r40jl4k3nsyct,junovaloper1eqwz3j9cv7q3jjy2alzy02hy5amlqmacm0z65q,100000000.000000000000000000,ujuno,100000000
juno1aqurjvngjrunmvr9qrc6f30qw3v66sk4w4vmz5,junovaloper1eqwz3j9cv7q3jjy2alzy02hy5amlqmacm0z65q,300000000.000000000000000000,ujuno,300000000
juno1apg6edg4l6vhggkq6qkfs4fhgy6wgls43nxthz,junovaloper1eqwz3j9cv7q3jjy2alzy02hy5amlqmacm0z65q,5000000.000000000000000000,ujuno,5000000
juno1azeq452qwrxmyk36ayd4hfjjtcndhwvg2drap5,junovaloper1eqwz3j9cv7q3jjy2alzy02hy5amlqmacm0z65q,25854536.000000000000000000,ujuno,25854536
juno1a9g3gfggngqfj4fjxwx59pp0mdf8u6rjjjt6gg,junovaloper1eqwz3j9cv7q3jjy2alzy02hy5amlqmacm0z65q,25100000.000000000000000000,ujuno,25100000
juno1a9vgr6f2ag4lkz0jrd9t2uyxp3yqagn68gj9pc,junovaloper1eqwz3j9cv7q3jjy2alzy02hy5amlqmacm0z65q,32000000.000000000000000000,ujuno,32000000
juno1a9u9s2en8husa3w5l3vt0lda5fu6r0xmfgwvq6,junovaloper1eqwz3j9cv7q3jjy2alzy02hy5amlqmacm0z65q,9620.000000000000000000,ujuno,9620
juno1a8u47ggy964tv9trjxfjcldutau5ls705djqyu,junovaloper1eqwz3j9cv7q3jjy2alzy02hy5amlqmacm0z65q,5000000000.000000000000000000,ujuno,5000000000
juno1a2859tgnzn5874lmyqw20uc33zpnm56dr6u6jm,junovaloper1eqwz3j9cv7q3jjy2alzy02hy5amlqmacm0z65q,10100000.000000000000000000,ujuno,10100000
juno1atqxvs6qkvr0402aactlcl9xvl3670wyfr34s5,junovaloper1eqwz3j9cv7q3jjy2alzy02hy5amlqmacm0z65q,10250000.000000000000000000,ujuno,10250000
juno1avw5jdpm8jxnefkj895l2cpa7vujjrnc3mdq5v,junovaloper1eqwz3j9cv7q3jjy2alzy02hy5amlqmacm0z65q,10110000.000000000000000000,ujuno,10110000
juno1aspcz5pvjr76zcx0zkd7eflxkr7tggpytl55dt,junovaloper1eqwz3j9cv7q3jjy2alzy02hy5amlqmacm0z65q,41800000.000000000000000000,ujuno,41800000
juno1as7kzt3w28qcwccp9tw4f3hrx6tqtg3k62fx0y,junovaloper1eqwz3j9cv7q3jjy2alzy02hy5amlqmacm0z65q,10000000.000000000000000000,ujuno,10000000
juno1aja237zh3jck4w5e0hv2qprs29pwcex05gkeex,junovaloper1eqwz3j9cv7q3jjy2alzy02hy5amlqmacm0z65q,54363219.000000000000000000,ujuno,54363219
juno1akrme06dczfkf8qfu0sh9d5f09lrcs0qu30n0h,junovaloper1eqwz3j9cv7q3jjy2alzy02hy5amlqmacm0z65q,2150969226.000000000000000000,ujuno,2150969226
juno1a6ydd38ntn62uz8wdj89cp8c6yq8fln0jcx92j,junovaloper1eqwz3j9cv7q3jjy2alzy02hy5amlqmacm0z65q,12167818.000000000000000000,ujuno,12167818
juno1am79jzw8erg8zs7sj698wp7nj5wagh46e87dsn,junovaloper1eqwz3j9cv7q3jjy2alzy02hy5amlqmacm0z65q,11500.000000000000000000,ujuno,11500
juno1aa4mr48pxnw74mnfuzd5u9j496k29wtzanp5al,junovaloper1eqwz3j9cv7q3jjy2alzy02hy5amlqmacm0z65q,600000.000000000000000000,ujuno,600000
juno1aauu5av3kl4c0n49q5tglncg7g3ttr9vwt673e,junovaloper1eqwz3j9cv7q3jjy2alzy02hy5amlqmacm0z65q,8000000.000000000000000000,ujuno,8000000
juno1a7unnd2yj958elqfmngx7nzh6z3pfhspxvhgs7,junovaloper1eqwz3j9cv7q3jjy2alzy02hy5amlqmacm0z65q,6310000.000000000000000000,ujuno,6310000
juno1alkdscdvdpul2a076fakmjwjs7dkhxmd3k4ps4,junovaloper1eqwz3j9cv7q3jjy2alzy02hy5amlqmacm0z65q,28669422.000000000000000000,ujuno,28669422
juno1ale4gw8xfaknd0tvjn5e6mv6epuj0la6kgrq0t,junovaloper1eqwz3j9cv7q3jjy2alzy02hy5amlqmacm0z65q,1000800.000000000000000000,ujuno,1000800
juno17py8gfneaam64vt9kaec0fseqwxvkq0flmsmhg,junovaloper1eqwz3j9cv7q3jjy2alzy02hy5amlqmacm0z65q,22825668936.000000000000000000,ujuno,22825668936
juno17pwjvfwvysx9watqft76rgjdkvvc9angzxyyrw,junovaloper1eqwz3j9cv7q3jjy2alzy02hy5amlqmacm0z65q,100260000.000000000000000000,ujuno,100260000
juno17z0hzzayfzjg2xlrefkn0g5g5fp8rdfeu5gj7t,junovaloper1eqwz3j9cv7q3jjy2alzy02hy5amlqmacm0z65q,1000000.000000000000000000,ujuno,1000000
juno17ry7yg9d55sjrtdh04xe7p723p9ckl2yenvpkz,junovaloper1eqwz3j9cv7q3jjy2alzy02hy5amlqmacm0z65q,11000000.000000000000000000,ujuno,11000000
juno17runfsvml886glcqzujgntm7zegn6llcecg8sj,junovaloper1eqwz3j9cv7q3jjy2alzy02hy5amlqmacm0z65q,4974115.000000000000000000,ujuno,4974115
juno17y5nqrl9cha3e3rd5gc9mtdg5jep66x67xrt6n,junovaloper1eqwz3j9cv7q3jjy2alzy02hy5amlqmacm0z65q,40410544.000000000000000000,ujuno,40410544
juno179z4968r7jgnn5vyxz0qce92xdgths5xn2ywd6,junovaloper1eqwz3j9cv7q3jjy2alzy02hy5amlqmacm0z65q,11114466.000000000000000000,ujuno,11114466
juno179lcn5eta4dqz3m84w4mgkwr7lyaaadjvcrzdm,junovaloper1eqwz3j9cv7q3jjy2alzy02hy5amlqmacm0z65q,32639596.000000000000000000,ujuno,32639596
juno17xfvpq3uqt80z9sdtp32f2qt6nge3pgz3jmrh9,junovaloper1eqwz3j9cv7q3jjy2alzy02hy5amlqmacm0z65q,7505000.000000000000000000,ujuno,7505000
juno178gt5qcwl2llqrd8a2e76cg4sa43cmyje597zh,junovaloper1eqwz3j9cv7q3jjy2alzy02hy5amlqmacm0z65q,1000.000000000000000000,ujuno,1000
juno178sfn4xfykn6k4jsc4jwzvfjz5w75yt8cja32h,junovaloper1eqwz3j9cv7q3jjy2alzy02hy5amlqmacm0z65q,39000000.000000000000000000,ujuno,39000000
juno1724j7vqwepux8h3mg3q5j92rrle4ftljxdpw8w,junovaloper1eqwz3j9cv7q3jjy2alzy02hy5amlqmacm0z65q,10003.000000000000000000,ujuno,10003
juno17t08gk6tehycwc3cza0myqu2kyxrf6k85wmusy,junovaloper1eqwz3j9cv7q3jjy2alzy02hy5amlqmacm0z65q,25000000.000000000000000000,ujuno,25000000
juno17vll5t2xkzpwe7yuuj6zu7apgggevxcwd8eal3,junovaloper1eqwz3j9cv7q3jjy2alzy02hy5amlqmacm0z65q,14000000.000000000000000000,ujuno,14000000
juno17wcm8eh6k4y9j20s63h2prdj0kyr79fmmx2gfm,junovaloper1eqwz3j9cv7q3jjy2alzy02hy5amlqmacm0z65q,50000000.000000000000000000,ujuno,50000000
juno173mxye6cznt8znf62e5ftkf2kevctlnzvy7yxj,junovaloper1eqwz3j9cv7q3jjy2alzy02hy5amlqmacm0z65q,5100000.000000000000000000,ujuno,5100000
juno17jlxch4a5ls5eglstr3r9378knz2qscyp7zt8u,junovaloper1eqwz3j9cv7q3jjy2alzy02hy5amlqmacm0z65q,25001476.000000000000000000,ujuno,25001476
juno175hj9xy68caglq53a8rxny4p653fu5xdlzkwdf,junovaloper1eqwz3j9cv7q3jjy2alzy02hy5amlqmacm0z65q,650294550.000000000000000000,ujuno,650294550
juno1740khae5lvnwpa8069anry8sfwcfyk9e6e3fy4,junovaloper1eqwz3j9cv7q3jjy2alzy02hy5amlqmacm0z65q,1779191.000000000000000000,ujuno,1779191
juno17menzc7hal5ww5adadczgw25cn4qpdcwvm5wva,junovaloper1eqwz3j9cv7q3jjy2alzy02hy5amlqmacm0z65q,7000000.000000000000000000,ujuno,7000000
juno177r0g3keaq5ur8rq9rzh0uyzuyymmz8tuxcksf,junovaloper1eqwz3j9cv7q3jjy2alzy02hy5amlqmacm0z65q,10450000.000000000000000000,ujuno,10450000
juno1ly8mnss2d9nzfdgm98ezmdyaz478a8dy8fhdel,junovaloper1eqwz3j9cv7q3jjy2alzy02hy5amlqmacm0z65q,1101000.000000000000000000,ujuno,1101000
juno1lx520st5ctmh4uj2q2j9hq5d0skszkf5ttlkrt,junovaloper1eqwz3j9cv7q3jjy2alzy02hy5amlqmacm0z65q,100000000.000000000000000000,ujuno,100000000
juno1lft952fnwr2w9m33sp8l975spkzjrenyp5jxqe,junovaloper1eqwz3j9cv7q3jjy2alzy02hy5amlqmacm0z65q,500000.000000000000000000,ujuno,500000
juno1lthjzy5v3els6t6hdzv8ug5hjq5ldegzhttsw0,junovaloper1eqwz3j9cv7q3jjy2alzy02hy5amlqmacm0z65q,25090000.000000000000000000,ujuno,25090000
juno1lwkpyc07zta670uuz750xet787czp6uc7md5t0,junovaloper1eqwz3j9cv7q3jjy2alzy02hy5amlqmacm0z65q,250000000.000000000000000000,ujuno,250000000
juno1lsq3u6c0rqauqq54a8s04zj2sv90sz56u4cfcq,junovaloper1eqwz3j9cv7q3jjy2alzy02hy5amlqmacm0z65q,50000000.000000000000000000,ujuno,50000000
juno1ljsll5q094p67qug8zcepl9j02uswdrr7tzg5f,junovaloper1eqwz3j9cv7q3jjy2alzy02hy5amlqmacm0z65q,9534102.000000000000000000,ujuno,9534102
juno1ln4nst4ekl4stn2uenvd4r43z222m42mw74ua4,junovaloper1eqwz3j9cv7q3jjy2alzy02hy5amlqmacm0z65q,8000000.000000000000000000,ujuno,8000000
juno1ln4czj9kxz9jsj3my8zmvhmqsqxx0rzf88gql4,junovaloper1eqwz3j9cv7q3jjy2alzy02hy5amlqmacm0z65q,3035984.000000000000000000,ujuno,3035984
juno1l59u0lggvpn8lvrqydqrnncukf2pyjf366vh4e,junovaloper1eqwz3j9cv7q3jjy2alzy02hy5amlqmacm0z65q,220000.000000000000000000,ujuno,220000
juno1lcav202cd9yjlqrafja32fsh0mxpkm96cvf379,junovaloper1eqwz3j9cv7q3jjy2alzy02hy5amlqmacm0z65q,11289483.000000000000000000,ujuno,11289483
juno1lejtv2tu4elngmv79mh5e8yv28smxtx8sraku3,junovaloper1eqwz3j9cv7q3jjy2alzy02hy5amlqmacm0z65q,20000000.000000000000000000,ujuno,20000000
juno1le77hvu4j64057a9mhdjvq63uaet4ph8z9ypf3,junovaloper1eqwz3j9cv7q3jjy2alzy02hy5amlqmacm0z65q,9800.000000000000000000,ujuno,9800
juno1lmm6hvkw5q9797wh62qk6qfa4g38rm3mfjyfxt,junovaloper1eqwz3j9cv7q3jjy2alzy02hy5amlqmacm0z65q,33000.000000000000000000,ujuno,33000
juno1lukk05euzj6f9t2vzy46ckqgk0sgen9pkvvw6q,junovaloper1eqwz3j9cv7q3jjy2alzy02hy5amlqmacm0z65q,1041.000000000000000000,ujuno,1041
juno1latk20r7yawan00zjs3wum8vfxcz4k8m65ya3x,junovaloper1eqwz3j9cv7q3jjy2alzy02hy5amlqmacm0z65q,100.000000000000000000,ujuno,100
juno1jwa6l2smum2tqurvnqw5z66ha9wcd9hwknnmawvfxmc8n2n8vp8s8j4lnp,junovaloper1eqwz3j9cv7q3jjy2alzy02hy5amlqmacm0z65q,4200000.000000000000000000,ujuno,4200000
juno1hqr0t3scwkrmuu3554lnqzrccuevd8huxmu533gtm6s7vuzeztzqh6tuwq,junovaloper1eqwz3j9cv7q3jjy2alzy02hy5amlqmacm0z65q,20000000.000000000000000000,ujuno,20000000
